host_timestamp_ms,frame_id,rgb_filename,depth_filename,depth_scale_m_per_unit
1767977563584,1,rgb/frame_000001.jpg,depth/frame_000001.png,0.0010000000474974513
1767977563975,2,rgb/frame_000002.jpg,depth/frame_000002.png,0.0010000000474974513
1767977564021,3,rgb/frame_000003.jpg,depth/frame_000003.png,0.0010000000474974513
1767977564061,4,rgb/frame_000004.jpg,depth/frame_000004.png,0.0010000000474974513
1767977564100,5,rgb/frame_000005.jpg,depth/frame_000005.png,0.0010000000474974513
1767977564159,6,rgb/frame_000006.jpg,depth/frame_000006.png,0.0010000000474974513
1767977564223,7,rgb/frame_000007.jpg,depth/frame_000007.png,0.0010000000474974513
1767977564285,8,rgb/frame_000008.jpg,depth/frame_000008.png,0.0010000000474974513
1767977564316,9,rgb/frame_000009.jpg,depth/frame_000009.png,0.0010000000474974513
1767977564349,10,rgb/frame_000010.jpg,depth/frame_000010.png,0.0010000000474974513
1767977564380,11,rgb/frame_000011.jpg,depth/frame_000011.png,0.0010000000474974513
1767977564427,12,rgb/frame_000012.jpg,depth/frame_000012.png,0.0010000000474974513
1767977564472,13,rgb/frame_000013.jpg,depth/frame_000013.png,0.0010000000474974513
1767977564503,14,rgb/frame_000014.jpg,depth/frame_000014.png,0.0010000000474974513
1767977564541,15,rgb/frame_000015.jpg,depth/frame_000015.png,0.0010000000474974513
1767977564587,16,rgb/frame_000016.jpg,depth/frame_000016.png,0.0010000000474974513
1767977564632,17,rgb/frame_000017.jpg,depth/frame_000017.png,0.0010000000474974513
1767977564685,18,rgb/frame_000018.jpg,depth/frame_000018.png,0.0010000000474974513
1767977564735,19,rgb/frame_000019.jpg,depth/frame_000019.png,0.0010000000474974513
1767977564779,20,rgb/frame_000020.jpg,depth/frame_000020.png,0.0010000000474974513
1767977564809,21,rgb/frame_000021.jpg,depth/frame_000021.png,0.0010000000474974513
1767977564852,22,rgb/frame_000022.jpg,depth/frame_000022.png,0.0010000000474974513
1767977564904,23,rgb/frame_000023.jpg,depth/frame_000023.png,0.0010000000474974513
1767977564937,24,rgb/frame_000024.jpg,depth/frame_000024.png,0.0010000000474974513
1767977564973,25,rgb/frame_000025.jpg,depth/frame_000025.png,0.0010000000474974513
1767977565007,26,rgb/frame_000026.jpg,depth/frame_000026.png,0.0010000000474974513
1767977565061,27,rgb/frame_000027.jpg,depth/frame_000027.png,0.0010000000474974513
1767977565095,28,rgb/frame_000028.jpg,depth/frame_000028.png,0.0010000000474974513
1767977565127,29,rgb/frame_000029.jpg,depth/frame_000029.png,0.0010000000474974513
1767977565170,30,rgb/frame_000030.jpg,depth/frame_000030.png,0.0010000000474974513
1767977565220,31,rgb/frame_000031.jpg,depth/frame_000031.png,0.0010000000474974513
1767977565256,32,rgb/frame_000032.jpg,depth/frame_000032.png,0.0010000000474974513
1767977565294,33,rgb/frame_000033.jpg,depth/frame_000033.png,0.0010000000474974513
1767977565346,34,rgb/frame_000034.jpg,depth/frame_000034.png,0.0010000000474974513
1767977565396,35,rgb/frame_000035.jpg,depth/frame_000035.png,0.0010000000474974513
1767977565445,36,rgb/frame_000036.jpg,depth/frame_000036.png,0.0010000000474974513
1767977565495,37,rgb/frame_000037.jpg,depth/frame_000037.png,0.0010000000474974513
1767977565526,38,rgb/frame_000038.jpg,depth/frame_000038.png,0.0010000000474974513
1767977565569,39,rgb/frame_000039.jpg,depth/frame_000039.png,0.0010000000474974513
1767977565606,40,rgb/frame_000040.jpg,depth/frame_000040.png,0.0010000000474974513
1767977565643,41,rgb/frame_000041.jpg,depth/frame_000041.png,0.0010000000474974513
1767977565666,42,rgb/frame_000042.jpg,depth/frame_000042.png,0.0010000000474974513
1767977565704,43,rgb/frame_000043.jpg,depth/frame_000043.png,0.0010000000474974513
1767977565744,44,rgb/frame_000044.jpg,depth/frame_000044.png,0.0010000000474974513
1767977565795,45,rgb/frame_000045.jpg,depth/frame_000045.png,0.0010000000474974513
1767977565849,46,rgb/frame_000046.jpg,depth/frame_000046.png,0.0010000000474974513
1767977565906,47,rgb/frame_000047.jpg,depth/frame_000047.png,0.0010000000474974513
1767977565954,48,rgb/frame_000048.jpg,depth/frame_000048.png,0.0010000000474974513
1767977566004,49,rgb/frame_000049.jpg,depth/frame_000049.png,0.0010000000474974513
1767977566060,50,rgb/frame_000050.jpg,depth/frame_000050.png,0.0010000000474974513
1767977566109,51,rgb/frame_000051.jpg,depth/frame_000051.png,0.0010000000474974513
1767977566141,52,rgb/frame_000052.jpg,depth/frame_000052.png,0.0010000000474974513
1767977566175,53,rgb/frame_000053.jpg,depth/frame_000053.png,0.0010000000474974513
1767977566206,54,rgb/frame_000054.jpg,depth/frame_000054.png,0.0010000000474974513
1767977566238,55,rgb/frame_000055.jpg,depth/frame_000055.png,0.0010000000474974513
1767977566274,56,rgb/frame_000056.jpg,depth/frame_000056.png,0.0010000000474974513
1767977566306,57,rgb/frame_000057.jpg,depth/frame_000057.png,0.0010000000474974513
1767977566342,58,rgb/frame_000058.jpg,depth/frame_000058.png,0.0010000000474974513
1767977566374,59,rgb/frame_000059.jpg,depth/frame_000059.png,0.0010000000474974513
1767977566413,60,rgb/frame_000060.jpg,depth/frame_000060.png,0.0010000000474974513
1767977566452,61,rgb/frame_000061.jpg,depth/frame_000061.png,0.0010000000474974513
1767977566494,62,rgb/frame_000062.jpg,depth/frame_000062.png,0.0010000000474974513
1767977566529,63,rgb/frame_000063.jpg,depth/frame_000063.png,0.0010000000474974513
1767977566556,64,rgb/frame_000064.jpg,depth/frame_000064.png,0.0010000000474974513
1767977566597,65,rgb/frame_000065.jpg,depth/frame_000065.png,0.0010000000474974513
1767977566627,66,rgb/frame_000066.jpg,depth/frame_000066.png,0.0010000000474974513
1767977566667,67,rgb/frame_000067.jpg,depth/frame_000067.png,0.0010000000474974513
1767977566703,68,rgb/frame_000068.jpg,depth/frame_000068.png,0.0010000000474974513
1767977566739,69,rgb/frame_000069.jpg,depth/frame_000069.png,0.0010000000474974513
1767977566772,70,rgb/frame_000070.jpg,depth/frame_000070.png,0.0010000000474974513
1767977566804,71,rgb/frame_000071.jpg,depth/frame_000071.png,0.0010000000474974513
1767977566835,72,rgb/frame_000072.jpg,depth/frame_000072.png,0.0010000000474974513
1767977566865,73,rgb/frame_000073.jpg,depth/frame_000073.png,0.0010000000474974513
1767977566896,74,rgb/frame_000074.jpg,depth/frame_000074.png,0.0010000000474974513
1767977566937,75,rgb/frame_000075.jpg,depth/frame_000075.png,0.0010000000474974513
1767977566979,76,rgb/frame_000076.jpg,depth/frame_000076.png,0.0010000000474974513
1767977567019,77,rgb/frame_000077.jpg,depth/frame_000077.png,0.0010000000474974513
1767977567051,78,rgb/frame_000078.jpg,depth/frame_000078.png,0.0010000000474974513
1767977567084,79,rgb/frame_000079.jpg,depth/frame_000079.png,0.0010000000474974513
1767977567113,80,rgb/frame_000080.jpg,depth/frame_000080.png,0.0010000000474974513
1767977567148,81,rgb/frame_000081.jpg,depth/frame_000081.png,0.0010000000474974513
1767977567183,82,rgb/frame_000082.jpg,depth/frame_000082.png,0.0010000000474974513
1767977567228,83,rgb/frame_000083.jpg,depth/frame_000083.png,0.0010000000474974513
1767977567266,84,rgb/frame_000084.jpg,depth/frame_000084.png,0.0010000000474974513
1767977567301,85,rgb/frame_000085.jpg,depth/frame_000085.png,0.0010000000474974513
1767977567331,86,rgb/frame_000086.jpg,depth/frame_000086.png,0.0010000000474974513
1767977567362,87,rgb/frame_000087.jpg,depth/frame_000087.png,0.0010000000474974513
1767977567396,88,rgb/frame_000088.jpg,depth/frame_000088.png,0.0010000000474974513
1767977567437,89,rgb/frame_000089.jpg,depth/frame_000089.png,0.0010000000474974513
1767977567479,90,rgb/frame_000090.jpg,depth/frame_000090.png,0.0010000000474974513
1767977567516,91,rgb/frame_000091.jpg,depth/frame_000091.png,0.0010000000474974513
1767977567548,92,rgb/frame_000092.jpg,depth/frame_000092.png,0.0010000000474974513
1767977567581,93,rgb/frame_000093.jpg,depth/frame_000093.png,0.0010000000474974513
1767977567614,94,rgb/frame_000094.jpg,depth/frame_000094.png,0.0010000000474974513
1767977567651,95,rgb/frame_000095.jpg,depth/frame_000095.png,0.0010000000474974513
1767977567685,96,rgb/frame_000096.jpg,depth/frame_000096.png,0.0010000000474974513
1767977567719,97,rgb/frame_000097.jpg,depth/frame_000097.png,0.0010000000474974513
1767977567752,98,rgb/frame_000098.jpg,depth/frame_000098.png,0.0010000000474974513
1767977567786,99,rgb/frame_000099.jpg,depth/frame_000099.png,0.0010000000474974513
1767977567816,100,rgb/frame_000100.jpg,depth/frame_000100.png,0.0010000000474974513
1767977567860,101,rgb/frame_000101.jpg,depth/frame_000101.png,0.0010000000474974513
1767977567903,102,rgb/frame_000102.jpg,depth/frame_000102.png,0.0010000000474974513
1767977567940,103,rgb/frame_000103.jpg,depth/frame_000103.png,0.0010000000474974513
1767977567969,104,rgb/frame_000104.jpg,depth/frame_000104.png,0.0010000000474974513
1767977568000,105,rgb/frame_000105.jpg,depth/frame_000105.png,0.0010000000474974513
1767977568035,106,rgb/frame_000106.jpg,depth/frame_000106.png,0.0010000000474974513
1767977568067,107,rgb/frame_000107.jpg,depth/frame_000107.png,0.0010000000474974513
1767977568101,108,rgb/frame_000108.jpg,depth/frame_000108.png,0.0010000000474974513
1767977568136,109,rgb/frame_000109.jpg,depth/frame_000109.png,0.0010000000474974513
1767977568168,110,rgb/frame_000110.jpg,depth/frame_000110.png,0.0010000000474974513
1767977568205,111,rgb/frame_000111.jpg,depth/frame_000111.png,0.0010000000474974513
1767977568256,112,rgb/frame_000112.jpg,depth/frame_000112.png,0.0010000000474974513
1767977568310,113,rgb/frame_000113.jpg,depth/frame_000113.png,0.0010000000474974513
1767977568357,114,rgb/frame_000114.jpg,depth/frame_000114.png,0.0010000000474974513
1767977568396,115,rgb/frame_000115.jpg,depth/frame_000115.png,0.0010000000474974513
1767977568427,116,rgb/frame_000116.jpg,depth/frame_000116.png,0.0010000000474974513
1767977568459,117,rgb/frame_000117.jpg,depth/frame_000117.png,0.0010000000474974513
1767977568491,118,rgb/frame_000118.jpg,depth/frame_000118.png,0.0010000000474974513
1767977568537,119,rgb/frame_000119.jpg,depth/frame_000119.png,0.0010000000474974513
1767977568584,120,rgb/frame_000120.jpg,depth/frame_000120.png,0.0010000000474974513
1767977568616,121,rgb/frame_000121.jpg,depth/frame_000121.png,0.0010000000474974513
1767977568648,122,rgb/frame_000122.jpg,depth/frame_000122.png,0.0010000000474974513
1767977568681,123,rgb/frame_000123.jpg,depth/frame_000123.png,0.0010000000474974513
1767977568711,124,rgb/frame_000124.jpg,depth/frame_000124.png,0.0010000000474974513
1767977568743,125,rgb/frame_000125.jpg,depth/frame_000125.png,0.0010000000474974513
1767977568778,126,rgb/frame_000126.jpg,depth/frame_000126.png,0.0010000000474974513
1767977568811,127,rgb/frame_000127.jpg,depth/frame_000127.png,0.0010000000474974513
1767977568844,128,rgb/frame_000128.jpg,depth/frame_000128.png,0.0010000000474974513
1767977568887,129,rgb/frame_000129.jpg,depth/frame_000129.png,0.0010000000474974513
1767977568933,130,rgb/frame_000130.jpg,depth/frame_000130.png,0.0010000000474974513
1767977568971,131,rgb/frame_000131.jpg,depth/frame_000131.png,0.0010000000474974513
1767977569002,132,rgb/frame_000132.jpg,depth/frame_000132.png,0.0010000000474974513
1767977569033,133,rgb/frame_000133.jpg,depth/frame_000133.png,0.0010000000474974513
1767977569063,134,rgb/frame_000134.jpg,depth/frame_000134.png,0.0010000000474974513
1767977569095,135,rgb/frame_000135.jpg,depth/frame_000135.png,0.0010000000474974513
1767977569127,136,rgb/frame_000136.jpg,depth/frame_000136.png,0.0010000000474974513
1767977569157,137,rgb/frame_000137.jpg,depth/frame_000137.png,0.0010000000474974513
1767977569198,138,rgb/frame_000138.jpg,depth/frame_000138.png,0.0010000000474974513
1767977569241,139,rgb/frame_000139.jpg,depth/frame_000139.png,0.0010000000474974513
1767977569274,140,rgb/frame_000140.jpg,depth/frame_000140.png,0.0010000000474974513
1767977569308,141,rgb/frame_000141.jpg,depth/frame_000141.png,0.0010000000474974513
1767977569355,142,rgb/frame_000142.jpg,depth/frame_000142.png,0.0010000000474974513
1767977569400,143,rgb/frame_000143.jpg,depth/frame_000143.png,0.0010000000474974513
1767977569434,144,rgb/frame_000144.jpg,depth/frame_000144.png,0.0010000000474974513
1767977569466,145,rgb/frame_000145.jpg,depth/frame_000145.png,0.0010000000474974513
1767977569497,146,rgb/frame_000146.jpg,depth/frame_000146.png,0.0010000000474974513
1767977569529,147,rgb/frame_000147.jpg,depth/frame_000147.png,0.0010000000474974513
1767977569560,148,rgb/frame_000148.jpg,depth/frame_000148.png,0.0010000000474974513
1767977569592,149,rgb/frame_000149.jpg,depth/frame_000149.png,0.0010000000474974513
1767977569621,150,rgb/frame_000150.jpg,depth/frame_000150.png,0.0010000000474974513
1767977569665,151,rgb/frame_000151.jpg,depth/frame_000151.png,0.0010000000474974513
1767977569705,152,rgb/frame_000152.jpg,depth/frame_000152.png,0.0010000000474974513
1767977569746,153,rgb/frame_000153.jpg,depth/frame_000153.png,0.0010000000474974513
1767977569776,154,rgb/frame_000154.jpg,depth/frame_000154.png,0.0010000000474974513
1767977569805,155,rgb/frame_000155.jpg,depth/frame_000155.png,0.0010000000474974513
1767977569842,156,rgb/frame_000156.jpg,depth/frame_000156.png,0.0010000000474974513
1767977569872,157,rgb/frame_000157.jpg,depth/frame_000157.png,0.0010000000474974513
1767977569904,158,rgb/frame_000158.jpg,depth/frame_000158.png,0.0010000000474974513
1767977569946,159,rgb/frame_000159.jpg,depth/frame_000159.png,0.0010000000474974513
1767977569985,160,rgb/frame_000160.jpg,depth/frame_000160.png,0.0010000000474974513
1767977570020,161,rgb/frame_000161.jpg,depth/frame_000161.png,0.0010000000474974513
1767977570051,162,rgb/frame_000162.jpg,depth/frame_000162.png,0.0010000000474974513
1767977570082,163,rgb/frame_000163.jpg,depth/frame_000163.png,0.0010000000474974513
1767977570105,164,rgb/frame_000164.jpg,depth/frame_000164.png,0.0010000000474974513
1767977570144,165,rgb/frame_000165.jpg,depth/frame_000165.png,0.0010000000474974513
1767977570175,166,rgb/frame_000166.jpg,depth/frame_000166.png,0.0010000000474974513
1767977570206,167,rgb/frame_000167.jpg,depth/frame_000167.png,0.0010000000474974513
1767977570237,168,rgb/frame_000168.jpg,depth/frame_000168.png,0.0010000000474974513
1767977570279,169,rgb/frame_000169.jpg,depth/frame_000169.png,0.0010000000474974513
1767977570335,170,rgb/frame_000170.jpg,depth/frame_000170.png,0.0010000000474974513
1767977570386,171,rgb/frame_000171.jpg,depth/frame_000171.png,0.0010000000474974513
1767977570430,172,rgb/frame_000172.jpg,depth/frame_000172.png,0.0010000000474974513
1767977570477,173,rgb/frame_000173.jpg,depth/frame_000173.png,0.0010000000474974513
1767977570529,174,rgb/frame_000174.jpg,depth/frame_000174.png,0.0010000000474974513
1767977570571,175,rgb/frame_000175.jpg,depth/frame_000175.png,0.0010000000474974513
1767977570604,176,rgb/frame_000176.jpg,depth/frame_000176.png,0.0010000000474974513
1767977570639,177,rgb/frame_000177.jpg,depth/frame_000177.png,0.0010000000474974513
1767977570670,178,rgb/frame_000178.jpg,depth/frame_000178.png,0.0010000000474974513
1767977570702,179,rgb/frame_000179.jpg,depth/frame_000179.png,0.0010000000474974513
1767977570734,180,rgb/frame_000180.jpg,depth/frame_000180.png,0.0010000000474974513
1767977570767,181,rgb/frame_000181.jpg,depth/frame_000181.png,0.0010000000474974513
1767977570799,182,rgb/frame_000182.jpg,depth/frame_000182.png,0.0010000000474974513
1767977570832,183,rgb/frame_000183.jpg,depth/frame_000183.png,0.0010000000474974513
1767977570864,184,rgb/frame_000184.jpg,depth/frame_000184.png,0.0010000000474974513
1767977570898,185,rgb/frame_000185.jpg,depth/frame_000185.png,0.0010000000474974513
1767977570930,186,rgb/frame_000186.jpg,depth/frame_000186.png,0.0010000000474974513
1767977570962,187,rgb/frame_000187.jpg,depth/frame_000187.png,0.0010000000474974513
1767977570994,188,rgb/frame_000188.jpg,depth/frame_000188.png,0.0010000000474974513
1767977571034,189,rgb/frame_000189.jpg,depth/frame_000189.png,0.0010000000474974513
1767977571083,190,rgb/frame_000190.jpg,depth/frame_000190.png,0.0010000000474974513
1767977571130,191,rgb/frame_000191.jpg,depth/frame_000191.png,0.0010000000474974513
1767977571165,192,rgb/frame_000192.jpg,depth/frame_000192.png,0.0010000000474974513
1767977571196,193,rgb/frame_000193.jpg,depth/frame_000193.png,0.0010000000474974513
1767977571228,194,rgb/frame_000194.jpg,depth/frame_000194.png,0.0010000000474974513
1767977571260,195,rgb/frame_000195.jpg,depth/frame_000195.png,0.0010000000474974513
1767977571291,196,rgb/frame_000196.jpg,depth/frame_000196.png,0.0010000000474974513
1767977571323,197,rgb/frame_000197.jpg,depth/frame_000197.png,0.0010000000474974513
1767977571354,198,rgb/frame_000198.jpg,depth/frame_000198.png,0.0010000000474974513
1767977571385,199,rgb/frame_000199.jpg,depth/frame_000199.png,0.0010000000474974513
1767977571416,200,rgb/frame_000200.jpg,depth/frame_000200.png,0.0010000000474974513
1767977571448,201,rgb/frame_000201.jpg,depth/frame_000201.png,0.0010000000474974513
1767977571478,202,rgb/frame_000202.jpg,depth/frame_000202.png,0.0010000000474974513
1767977571509,203,rgb/frame_000203.jpg,depth/frame_000203.png,0.0010000000474974513
1767977571540,204,rgb/frame_000204.jpg,depth/frame_000204.png,0.0010000000474974513
1767977571580,205,rgb/frame_000205.jpg,depth/frame_000205.png,0.0010000000474974513
1767977571619,206,rgb/frame_000206.jpg,depth/frame_000206.png,0.0010000000474974513
1767977571651,207,rgb/frame_000207.jpg,depth/frame_000207.png,0.0010000000474974513
1767977571683,208,rgb/frame_000208.jpg,depth/frame_000208.png,0.0010000000474974513
1767977571716,209,rgb/frame_000209.jpg,depth/frame_000209.png,0.0010000000474974513
1767977571763,210,rgb/frame_000210.jpg,depth/frame_000210.png,0.0010000000474974513
1767977571807,211,rgb/frame_000211.jpg,depth/frame_000211.png,0.0010000000474974513
1767977571842,212,rgb/frame_000212.jpg,depth/frame_000212.png,0.0010000000474974513
1767977571885,213,rgb/frame_000213.jpg,depth/frame_000213.png,0.0010000000474974513
1767977571931,214,rgb/frame_000214.jpg,depth/frame_000214.png,0.0010000000474974513
1767977571985,215,rgb/frame_000215.jpg,depth/frame_000215.png,0.0010000000474974513
1767977572035,216,rgb/frame_000216.jpg,depth/frame_000216.png,0.0010000000474974513
1767977572087,217,rgb/frame_000217.jpg,depth/frame_000217.png,0.0010000000474974513
1767977572125,218,rgb/frame_000218.jpg,depth/frame_000218.png,0.0010000000474974513
1767977572158,219,rgb/frame_000219.jpg,depth/frame_000219.png,0.0010000000474974513
1767977572193,220,rgb/frame_000220.jpg,depth/frame_000220.png,0.0010000000474974513
1767977572229,221,rgb/frame_000221.jpg,depth/frame_000221.png,0.0010000000474974513
1767977572271,222,rgb/frame_000222.jpg,depth/frame_000222.png,0.0010000000474974513
1767977572315,223,rgb/frame_000223.jpg,depth/frame_000223.png,0.0010000000474974513
1767977572347,224,rgb/frame_000224.jpg,depth/frame_000224.png,0.0010000000474974513
1767977572386,225,rgb/frame_000225.jpg,depth/frame_000225.png,0.0010000000474974513
1767977572431,226,rgb/frame_000226.jpg,depth/frame_000226.png,0.0010000000474974513
1767977572465,227,rgb/frame_000227.jpg,depth/frame_000227.png,0.0010000000474974513
1767977572497,228,rgb/frame_000228.jpg,depth/frame_000228.png,0.0010000000474974513
1767977572528,229,rgb/frame_000229.jpg,depth/frame_000229.png,0.0010000000474974513
1767977572561,230,rgb/frame_000230.jpg,depth/frame_000230.png,0.0010000000474974513
1767977572594,231,rgb/frame_000231.jpg,depth/frame_000231.png,0.0010000000474974513
1767977572625,232,rgb/frame_000232.jpg,depth/frame_000232.png,0.0010000000474974513
1767977572656,233,rgb/frame_000233.jpg,depth/frame_000233.png,0.0010000000474974513
1767977572689,234,rgb/frame_000234.jpg,depth/frame_000234.png,0.0010000000474974513
1767977572721,235,rgb/frame_000235.jpg,depth/frame_000235.png,0.0010000000474974513
1767977572751,236,rgb/frame_000236.jpg,depth/frame_000236.png,0.0010000000474974513
1767977572782,237,rgb/frame_000237.jpg,depth/frame_000237.png,0.0010000000474974513
1767977572813,238,rgb/frame_000238.jpg,depth/frame_000238.png,0.0010000000474974513
1767977572845,239,rgb/frame_000239.jpg,depth/frame_000239.png,0.0010000000474974513
1767977572876,240,rgb/frame_000240.jpg,depth/frame_000240.png,0.0010000000474974513
1767977572908,241,rgb/frame_000241.jpg,depth/frame_000241.png,0.0010000000474974513
1767977572945,242,rgb/frame_000242.jpg,depth/frame_000242.png,0.0010000000474974513
1767977572976,243,rgb/frame_000243.jpg,depth/frame_000243.png,0.0010000000474974513
1767977573009,244,rgb/frame_000244.jpg,depth/frame_000244.png,0.0010000000474974513
1767977573043,245,rgb/frame_000245.jpg,depth/frame_000245.png,0.0010000000474974513
1767977573076,246,rgb/frame_000246.jpg,depth/frame_000246.png,0.0010000000474974513
1767977573109,247,rgb/frame_000247.jpg,depth/frame_000247.png,0.0010000000474974513
1767977573145,248,rgb/frame_000248.jpg,depth/frame_000248.png,0.0010000000474974513
1767977573180,249,rgb/frame_000249.jpg,depth/frame_000249.png,0.0010000000474974513
1767977573222,250,rgb/frame_000250.jpg,depth/frame_000250.png,0.0010000000474974513
1767977573274,251,rgb/frame_000251.jpg,depth/frame_000251.png,0.0010000000474974513
1767977573308,252,rgb/frame_000252.jpg,depth/frame_000252.png,0.0010000000474974513
1767977573340,253,rgb/frame_000253.jpg,depth/frame_000253.png,0.0010000000474974513
1767977573376,254,rgb/frame_000254.jpg,depth/frame_000254.png,0.0010000000474974513
1767977573425,255,rgb/frame_000255.jpg,depth/frame_000255.png,0.0010000000474974513
1767977573474,256,rgb/frame_000256.jpg,depth/frame_000256.png,0.0010000000474974513
1767977573524,257,rgb/frame_000257.jpg,depth/frame_000257.png,0.0010000000474974513
1767977573557,258,rgb/frame_000258.jpg,depth/frame_000258.png,0.0010000000474974513
1767977573592,259,rgb/frame_000259.jpg,depth/frame_000259.png,0.0010000000474974513
1767977573623,260,rgb/frame_000260.jpg,depth/frame_000260.png,0.0010000000474974513
1767977573655,261,rgb/frame_000261.jpg,depth/frame_000261.png,0.0010000000474974513
1767977573686,262,rgb/frame_000262.jpg,depth/frame_000262.png,0.0010000000474974513
1767977573718,263,rgb/frame_000263.jpg,depth/frame_000263.png,0.0010000000474974513
1767977573756,264,rgb/frame_000264.jpg,depth/frame_000264.png,0.0010000000474974513
1767977573800,265,rgb/frame_000265.jpg,depth/frame_000265.png,0.0010000000474974513
1767977573846,266,rgb/frame_000266.jpg,depth/frame_000266.png,0.0010000000474974513
1767977573878,267,rgb/frame_000267.jpg,depth/frame_000267.png,0.0010000000474974513
1767977573915,268,rgb/frame_000268.jpg,depth/frame_000268.png,0.0010000000474974513
1767977573946,269,rgb/frame_000269.jpg,depth/frame_000269.png,0.0010000000474974513
1767977573978,270,rgb/frame_000270.jpg,depth/frame_000270.png,0.0010000000474974513
1767977574012,271,rgb/frame_000271.jpg,depth/frame_000271.png,0.0010000000474974513
1767977574044,272,rgb/frame_000272.jpg,depth/frame_000272.png,0.0010000000474974513
1767977574079,273,rgb/frame_000273.jpg,depth/frame_000273.png,0.0010000000474974513
1767977574111,274,rgb/frame_000274.jpg,depth/frame_000274.png,0.0010000000474974513
1767977574144,275,rgb/frame_000275.jpg,depth/frame_000275.png,0.0010000000474974513
1767977574178,276,rgb/frame_000276.jpg,depth/frame_000276.png,0.0010000000474974513
1767977574211,277,rgb/frame_000277.jpg,depth/frame_000277.png,0.0010000000474974513
1767977574244,278,rgb/frame_000278.jpg,depth/frame_000278.png,0.0010000000474974513
1767977574279,279,rgb/frame_000279.jpg,depth/frame_000279.png,0.0010000000474974513
1767977574311,280,rgb/frame_000280.jpg,depth/frame_000280.png,0.0010000000474974513
1767977574344,281,rgb/frame_000281.jpg,depth/frame_000281.png,0.0010000000474974513
1767977574380,282,rgb/frame_000282.jpg,depth/frame_000282.png,0.0010000000474974513
1767977574422,283,rgb/frame_000283.jpg,depth/frame_000283.png,0.0010000000474974513
1767977574472,284,rgb/frame_000284.jpg,depth/frame_000284.png,0.0010000000474974513
1767977574505,285,rgb/frame_000285.jpg,depth/frame_000285.png,0.0010000000474974513
1767977574539,286,rgb/frame_000286.jpg,depth/frame_000286.png,0.0010000000474974513
1767977574582,287,rgb/frame_000287.jpg,depth/frame_000287.png,0.0010000000474974513
1767977574632,288,rgb/frame_000288.jpg,depth/frame_000288.png,0.0010000000474974513
1767977574667,289,rgb/frame_000289.jpg,depth/frame_000289.png,0.0010000000474974513
1767977574698,290,rgb/frame_000290.jpg,depth/frame_000290.png,0.0010000000474974513
1767977574733,291,rgb/frame_000291.jpg,depth/frame_000291.png,0.0010000000474974513
1767977574768,292,rgb/frame_000292.jpg,depth/frame_000292.png,0.0010000000474974513
1767977574806,293,rgb/frame_000293.jpg,depth/frame_000293.png,0.0010000000474974513
1767977574841,294,rgb/frame_000294.jpg,depth/frame_000294.png,0.0010000000474974513
1767977574882,295,rgb/frame_000295.jpg,depth/frame_000295.png,0.0010000000474974513
1767977574919,296,rgb/frame_000296.jpg,depth/frame_000296.png,0.0010000000474974513
1767977574956,297,rgb/frame_000297.jpg,depth/frame_000297.png,0.0010000000474974513
1767977575000,298,rgb/frame_000298.jpg,depth/frame_000298.png,0.0010000000474974513
1767977575048,299,rgb/frame_000299.jpg,depth/frame_000299.png,0.0010000000474974513
1767977575099,300,rgb/frame_000300.jpg,depth/frame_000300.png,0.0010000000474974513
1767977575151,301,rgb/frame_000301.jpg,depth/frame_000301.png,0.0010000000474974513
1767977575177,302,rgb/frame_000302.jpg,depth/frame_000302.png,0.0010000000474974513
1767977575218,303,rgb/frame_000303.jpg,depth/frame_000303.png,0.0010000000474974513
1767977575248,304,rgb/frame_000304.jpg,depth/frame_000304.png,0.0010000000474974513
1767977575277,305,rgb/frame_000305.jpg,depth/frame_000305.png,0.0010000000474974513
1767977575317,306,rgb/frame_000306.jpg,depth/frame_000306.png,0.0010000000474974513
1767977575356,307,rgb/frame_000307.jpg,depth/frame_000307.png,0.0010000000474974513
1767977575394,308,rgb/frame_000308.jpg,depth/frame_000308.png,0.0010000000474974513
1767977575425,309,rgb/frame_000309.jpg,depth/frame_000309.png,0.0010000000474974513
1767977575448,310,rgb/frame_000310.jpg,depth/frame_000310.png,0.0010000000474974513
1767977575489,311,rgb/frame_000311.jpg,depth/frame_000311.png,0.0010000000474974513
1767977575520,312,rgb/frame_000312.jpg,depth/frame_000312.png,0.0010000000474974513
1767977575551,313,rgb/frame_000313.jpg,depth/frame_000313.png,0.0010000000474974513
1767977575583,314,rgb/frame_000314.jpg,depth/frame_000314.png,0.0010000000474974513
1767977575615,315,rgb/frame_000315.jpg,depth/frame_000315.png,0.0010000000474974513
1767977575647,316,rgb/frame_000316.jpg,depth/frame_000316.png,0.0010000000474974513
1767977575680,317,rgb/frame_000317.jpg,depth/frame_000317.png,0.0010000000474974513
1767977575723,318,rgb/frame_000318.jpg,depth/frame_000318.png,0.0010000000474974513
1767977575771,319,rgb/frame_000319.jpg,depth/frame_000319.png,0.0010000000474974513
1767977575823,320,rgb/frame_000320.jpg,depth/frame_000320.png,0.0010000000474974513
1767977575868,321,rgb/frame_000321.jpg,depth/frame_000321.png,0.0010000000474974513
1767977575900,322,rgb/frame_000322.jpg,depth/frame_000322.png,0.0010000000474974513
1767977575933,323,rgb/frame_000323.jpg,depth/frame_000323.png,0.0010000000474974513
1767977575977,324,rgb/frame_000324.jpg,depth/frame_000324.png,0.0010000000474974513
1767977576020,325,rgb/frame_000325.jpg,depth/frame_000325.png,0.0010000000474974513
1767977576051,326,rgb/frame_000326.jpg,depth/frame_000326.png,0.0010000000474974513
1767977576083,327,rgb/frame_000327.jpg,depth/frame_000327.png,0.0010000000474974513
1767977576116,328,rgb/frame_000328.jpg,depth/frame_000328.png,0.0010000000474974513
1767977576148,329,rgb/frame_000329.jpg,depth/frame_000329.png,0.0010000000474974513
1767977576181,330,rgb/frame_000330.jpg,depth/frame_000330.png,0.0010000000474974513
1767977576213,331,rgb/frame_000331.jpg,depth/frame_000331.png,0.0010000000474974513
1767977576247,332,rgb/frame_000332.jpg,depth/frame_000332.png,0.0010000000474974513
1767977576285,333,rgb/frame_000333.jpg,depth/frame_000333.png,0.0010000000474974513
1767977576316,334,rgb/frame_000334.jpg,depth/frame_000334.png,0.0010000000474974513
1767977576348,335,rgb/frame_000335.jpg,depth/frame_000335.png,0.0010000000474974513
1767977576381,336,rgb/frame_000336.jpg,depth/frame_000336.png,0.0010000000474974513
1767977576415,337,rgb/frame_000337.jpg,depth/frame_000337.png,0.0010000000474974513
1767977576450,338,rgb/frame_000338.jpg,depth/frame_000338.png,0.0010000000474974513
1767977576484,339,rgb/frame_000339.jpg,depth/frame_000339.png,0.0010000000474974513
1767977576515,340,rgb/frame_000340.jpg,depth/frame_000340.png,0.0010000000474974513
1767977576547,341,rgb/frame_000341.jpg,depth/frame_000341.png,0.0010000000474974513
1767977576581,342,rgb/frame_000342.jpg,depth/frame_000342.png,0.0010000000474974513
1767977576616,343,rgb/frame_000343.jpg,depth/frame_000343.png,0.0010000000474974513
1767977576649,344,rgb/frame_000344.jpg,depth/frame_000344.png,0.0010000000474974513
1767977576683,345,rgb/frame_000345.jpg,depth/frame_000345.png,0.0010000000474974513
1767977576715,346,rgb/frame_000346.jpg,depth/frame_000346.png,0.0010000000474974513
1767977576745,347,rgb/frame_000347.jpg,depth/frame_000347.png,0.0010000000474974513
1767977576785,348,rgb/frame_000348.jpg,depth/frame_000348.png,0.0010000000474974513
1767977576821,349,rgb/frame_000349.jpg,depth/frame_000349.png,0.0010000000474974513
1767977576854,350,rgb/frame_000350.jpg,depth/frame_000350.png,0.0010000000474974513
1767977576888,351,rgb/frame_000351.jpg,depth/frame_000351.png,0.0010000000474974513
1767977576919,352,rgb/frame_000352.jpg,depth/frame_000352.png,0.0010000000474974513
1767977576952,353,rgb/frame_000353.jpg,depth/frame_000353.png,0.0010000000474974513
1767977576984,354,rgb/frame_000354.jpg,depth/frame_000354.png,0.0010000000474974513
1767977577015,355,rgb/frame_000355.jpg,depth/frame_000355.png,0.0010000000474974513
1767977577049,356,rgb/frame_000356.jpg,depth/frame_000356.png,0.0010000000474974513
1767977577082,357,rgb/frame_000357.jpg,depth/frame_000357.png,0.0010000000474974513
1767977577115,358,rgb/frame_000358.jpg,depth/frame_000358.png,0.0010000000474974513
1767977577148,359,rgb/frame_000359.jpg,depth/frame_000359.png,0.0010000000474974513
1767977577182,360,rgb/frame_000360.jpg,depth/frame_000360.png,0.0010000000474974513
1767977577215,361,rgb/frame_000361.jpg,depth/frame_000361.png,0.0010000000474974513
1767977577248,362,rgb/frame_000362.jpg,depth/frame_000362.png,0.0010000000474974513
1767977577282,363,rgb/frame_000363.jpg,depth/frame_000363.png,0.0010000000474974513
1767977577315,364,rgb/frame_000364.jpg,depth/frame_000364.png,0.0010000000474974513
1767977577348,365,rgb/frame_000365.jpg,depth/frame_000365.png,0.0010000000474974513
1767977577393,366,rgb/frame_000366.jpg,depth/frame_000366.png,0.0010000000474974513
1767977577443,367,rgb/frame_000367.jpg,depth/frame_000367.png,0.0010000000474974513
1767977577481,368,rgb/frame_000368.jpg,depth/frame_000368.png,0.0010000000474974513
1767977577514,369,rgb/frame_000369.jpg,depth/frame_000369.png,0.0010000000474974513
1767977577546,370,rgb/frame_000370.jpg,depth/frame_000370.png,0.0010000000474974513
1767977577580,371,rgb/frame_000371.jpg,depth/frame_000371.png,0.0010000000474974513
1767977577621,372,rgb/frame_000372.jpg,depth/frame_000372.png,0.0010000000474974513
1767977577662,373,rgb/frame_000373.jpg,depth/frame_000373.png,0.0010000000474974513
1767977577707,374,rgb/frame_000374.jpg,depth/frame_000374.png,0.0010000000474974513
1767977577747,375,rgb/frame_000375.jpg,depth/frame_000375.png,0.0010000000474974513
1767977577779,376,rgb/frame_000376.jpg,depth/frame_000376.png,0.0010000000474974513
1767977577810,377,rgb/frame_000377.jpg,depth/frame_000377.png,0.0010000000474974513
1767977577845,378,rgb/frame_000378.jpg,depth/frame_000378.png,0.0010000000474974513
1767977577895,379,rgb/frame_000379.jpg,depth/frame_000379.png,0.0010000000474974513
1767977577952,380,rgb/frame_000380.jpg,depth/frame_000380.png,0.0010000000474974513
1767977577985,381,rgb/frame_000381.jpg,depth/frame_000381.png,0.0010000000474974513
1767977578017,382,rgb/frame_000382.jpg,depth/frame_000382.png,0.0010000000474974513
1767977578049,383,rgb/frame_000383.jpg,depth/frame_000383.png,0.0010000000474974513
1767977578079,384,rgb/frame_000384.jpg,depth/frame_000384.png,0.0010000000474974513
1767977578112,385,rgb/frame_000385.jpg,depth/frame_000385.png,0.0010000000474974513
1767977578155,386,rgb/frame_000386.jpg,depth/frame_000386.png,0.0010000000474974513
1767977578196,387,rgb/frame_000387.jpg,depth/frame_000387.png,0.0010000000474974513
1767977578227,388,rgb/frame_000388.jpg,depth/frame_000388.png,0.0010000000474974513
1767977578259,389,rgb/frame_000389.jpg,depth/frame_000389.png,0.0010000000474974513
1767977578290,390,rgb/frame_000390.jpg,depth/frame_000390.png,0.0010000000474974513
1767977578321,391,rgb/frame_000391.jpg,depth/frame_000391.png,0.0010000000474974513
1767977578352,392,rgb/frame_000392.jpg,depth/frame_000392.png,0.0010000000474974513
1767977578384,393,rgb/frame_000393.jpg,depth/frame_000393.png,0.0010000000474974513
1767977578429,394,rgb/frame_000394.jpg,depth/frame_000394.png,0.0010000000474974513
1767977578482,395,rgb/frame_000395.jpg,depth/frame_000395.png,0.0010000000474974513
1767977578513,396,rgb/frame_000396.jpg,depth/frame_000396.png,0.0010000000474974513
1767977578542,397,rgb/frame_000397.jpg,depth/frame_000397.png,0.0010000000474974513
1767977578575,398,rgb/frame_000398.jpg,depth/frame_000398.png,0.0010000000474974513
1767977578608,399,rgb/frame_000399.jpg,depth/frame_000399.png,0.0010000000474974513
1767977578639,400,rgb/frame_000400.jpg,depth/frame_000400.png,0.0010000000474974513
1767977578682,401,rgb/frame_000401.jpg,depth/frame_000401.png,0.0010000000474974513
1767977578722,402,rgb/frame_000402.jpg,depth/frame_000402.png,0.0010000000474974513
1767977578756,403,rgb/frame_000403.jpg,depth/frame_000403.png,0.0010000000474974513
1767977578786,404,rgb/frame_000404.jpg,depth/frame_000404.png,0.0010000000474974513
1767977578818,405,rgb/frame_000405.jpg,depth/frame_000405.png,0.0010000000474974513
1767977578857,406,rgb/frame_000406.jpg,depth/frame_000406.png,0.0010000000474974513
1767977578893,407,rgb/frame_000407.jpg,depth/frame_000407.png,0.0010000000474974513
1767977578930,408,rgb/frame_000408.jpg,depth/frame_000408.png,0.0010000000474974513
1767977578962,409,rgb/frame_000409.jpg,depth/frame_000409.png,0.0010000000474974513
1767977578992,410,rgb/frame_000410.jpg,depth/frame_000410.png,0.0010000000474974513
1767977579024,411,rgb/frame_000411.jpg,depth/frame_000411.png,0.0010000000474974513
1767977579056,412,rgb/frame_000412.jpg,depth/frame_000412.png,0.0010000000474974513
1767977579089,413,rgb/frame_000413.jpg,depth/frame_000413.png,0.0010000000474974513
1767977579139,414,rgb/frame_000414.jpg,depth/frame_000414.png,0.0010000000474974513
1767977579185,415,rgb/frame_000415.jpg,depth/frame_000415.png,0.0010000000474974513
1767977579229,416,rgb/frame_000416.jpg,depth/frame_000416.png,0.0010000000474974513
1767977579263,417,rgb/frame_000417.jpg,depth/frame_000417.png,0.0010000000474974513
1767977579296,418,rgb/frame_000418.jpg,depth/frame_000418.png,0.0010000000474974513
1767977579327,419,rgb/frame_000419.jpg,depth/frame_000419.png,0.0010000000474974513
1767977579359,420,rgb/frame_000420.jpg,depth/frame_000420.png,0.0010000000474974513
1767977579391,421,rgb/frame_000421.jpg,depth/frame_000421.png,0.0010000000474974513
1767977579424,422,rgb/frame_000422.jpg,depth/frame_000422.png,0.0010000000474974513
1767977579455,423,rgb/frame_000423.jpg,depth/frame_000423.png,0.0010000000474974513
1767977579487,424,rgb/frame_000424.jpg,depth/frame_000424.png,0.0010000000474974513
1767977579519,425,rgb/frame_000425.jpg,depth/frame_000425.png,0.0010000000474974513
1767977579553,426,rgb/frame_000426.jpg,depth/frame_000426.png,0.0010000000474974513
1767977579589,427,rgb/frame_000427.jpg,depth/frame_000427.png,0.0010000000474974513
1767977579625,428,rgb/frame_000428.jpg,depth/frame_000428.png,0.0010000000474974513
1767977579650,429,rgb/frame_000429.jpg,depth/frame_000429.png,0.0010000000474974513
1767977579701,430,rgb/frame_000430.jpg,depth/frame_000430.png,0.0010000000474974513
1767977579745,431,rgb/frame_000431.jpg,depth/frame_000431.png,0.0010000000474974513
1767977579778,432,rgb/frame_000432.jpg,depth/frame_000432.png,0.0010000000474974513
1767977579811,433,rgb/frame_000433.jpg,depth/frame_000433.png,0.0010000000474974513
1767977579854,434,rgb/frame_000434.jpg,depth/frame_000434.png,0.0010000000474974513
1767977579893,435,rgb/frame_000435.jpg,depth/frame_000435.png,0.0010000000474974513
1767977579925,436,rgb/frame_000436.jpg,depth/frame_000436.png,0.0010000000474974513
1767977579956,437,rgb/frame_000437.jpg,depth/frame_000437.png,0.0010000000474974513
1767977579988,438,rgb/frame_000438.jpg,depth/frame_000438.png,0.0010000000474974513
1767977580021,439,rgb/frame_000439.jpg,depth/frame_000439.png,0.0010000000474974513
1767977580053,440,rgb/frame_000440.jpg,depth/frame_000440.png,0.0010000000474974513
1767977580084,441,rgb/frame_000441.jpg,depth/frame_000441.png,0.0010000000474974513
1767977580120,442,rgb/frame_000442.jpg,depth/frame_000442.png,0.0010000000474974513
1767977580168,443,rgb/frame_000443.jpg,depth/frame_000443.png,0.0010000000474974513
1767977580217,444,rgb/frame_000444.jpg,depth/frame_000444.png,0.0010000000474974513
1767977580265,445,rgb/frame_000445.jpg,depth/frame_000445.png,0.0010000000474974513
1767977580297,446,rgb/frame_000446.jpg,depth/frame_000446.png,0.0010000000474974513
1767977580328,447,rgb/frame_000447.jpg,depth/frame_000447.png,0.0010000000474974513
1767977580358,448,rgb/frame_000448.jpg,depth/frame_000448.png,0.0010000000474974513
1767977580391,449,rgb/frame_000449.jpg,depth/frame_000449.png,0.0010000000474974513
1767977580421,450,rgb/frame_000450.jpg,depth/frame_000450.png,0.0010000000474974513
1767977580455,451,rgb/frame_000451.jpg,depth/frame_000451.png,0.0010000000474974513
1767977580485,452,rgb/frame_000452.jpg,depth/frame_000452.png,0.0010000000474974513
1767977580533,453,rgb/frame_000453.jpg,depth/frame_000453.png,0.0010000000474974513
1767977580586,454,rgb/frame_000454.jpg,depth/frame_000454.png,0.0010000000474974513
1767977580619,455,rgb/frame_000455.jpg,depth/frame_000455.png,0.0010000000474974513
1767977580651,456,rgb/frame_000456.jpg,depth/frame_000456.png,0.0010000000474974513
1767977580686,457,rgb/frame_000457.jpg,depth/frame_000457.png,0.0010000000474974513
1767977580719,458,rgb/frame_000458.jpg,depth/frame_000458.png,0.0010000000474974513
1767977580753,459,rgb/frame_000459.jpg,depth/frame_000459.png,0.0010000000474974513
1767977580786,460,rgb/frame_000460.jpg,depth/frame_000460.png,0.0010000000474974513
1767977580820,461,rgb/frame_000461.jpg,depth/frame_000461.png,0.0010000000474974513
1767977580853,462,rgb/frame_000462.jpg,depth/frame_000462.png,0.0010000000474974513
1767977580886,463,rgb/frame_000463.jpg,depth/frame_000463.png,0.0010000000474974513
1767977580920,464,rgb/frame_000464.jpg,depth/frame_000464.png,0.0010000000474974513
1767977580952,465,rgb/frame_000465.jpg,depth/frame_000465.png,0.0010000000474974513
1767977580986,466,rgb/frame_000466.jpg,depth/frame_000466.png,0.0010000000474974513
1767977581021,467,rgb/frame_000467.jpg,depth/frame_000467.png,0.0010000000474974513
1767977581064,468,rgb/frame_000468.jpg,depth/frame_000468.png,0.0010000000474974513
1767977581118,469,rgb/frame_000469.jpg,depth/frame_000469.png,0.0010000000474974513
1767977581150,470,rgb/frame_000470.jpg,depth/frame_000470.png,0.0010000000474974513
1767977581185,471,rgb/frame_000471.jpg,depth/frame_000471.png,0.0010000000474974513
1767977581223,472,rgb/frame_000472.jpg,depth/frame_000472.png,0.0010000000474974513
1767977581261,473,rgb/frame_000473.jpg,depth/frame_000473.png,0.0010000000474974513
1767977581296,474,rgb/frame_000474.jpg,depth/frame_000474.png,0.0010000000474974513
1767977581329,475,rgb/frame_000475.jpg,depth/frame_000475.png,0.0010000000474974513
1767977581362,476,rgb/frame_000476.jpg,depth/frame_000476.png,0.0010000000474974513
1767977581395,477,rgb/frame_000477.jpg,depth/frame_000477.png,0.0010000000474974513
1767977581427,478,rgb/frame_000478.jpg,depth/frame_000478.png,0.0010000000474974513
1767977581466,479,rgb/frame_000479.jpg,depth/frame_000479.png,0.0010000000474974513
1767977581504,480,rgb/frame_000480.jpg,depth/frame_000480.png,0.0010000000474974513
1767977581549,481,rgb/frame_000481.jpg,depth/frame_000481.png,0.0010000000474974513
1767977581593,482,rgb/frame_000482.jpg,depth/frame_000482.png,0.0010000000474974513
1767977581624,483,rgb/frame_000483.jpg,depth/frame_000483.png,0.0010000000474974513
1767977581656,484,rgb/frame_000484.jpg,depth/frame_000484.png,0.0010000000474974513
1767977581691,485,rgb/frame_000485.jpg,depth/frame_000485.png,0.0010000000474974513
1767977581721,486,rgb/frame_000486.jpg,depth/frame_000486.png,0.0010000000474974513
1767977581754,487,rgb/frame_000487.jpg,depth/frame_000487.png,0.0010000000474974513
1767977581787,488,rgb/frame_000488.jpg,depth/frame_000488.png,0.0010000000474974513
1767977581818,489,rgb/frame_000489.jpg,depth/frame_000489.png,0.0010000000474974513
1767977581867,490,rgb/frame_000490.jpg,depth/frame_000490.png,0.0010000000474974513
1767977581920,491,rgb/frame_000491.jpg,depth/frame_000491.png,0.0010000000474974513
1767977581956,492,rgb/frame_000492.jpg,depth/frame_000492.png,0.0010000000474974513
1767977581988,493,rgb/frame_000493.jpg,depth/frame_000493.png,0.0010000000474974513
1767977582019,494,rgb/frame_000494.jpg,depth/frame_000494.png,0.0010000000474974513
1767977582053,495,rgb/frame_000495.jpg,depth/frame_000495.png,0.0010000000474974513
1767977582092,496,rgb/frame_000496.jpg,depth/frame_000496.png,0.0010000000474974513
1767977582133,497,rgb/frame_000497.jpg,depth/frame_000497.png,0.0010000000474974513
1767977582167,498,rgb/frame_000498.jpg,depth/frame_000498.png,0.0010000000474974513
1767977582199,499,rgb/frame_000499.jpg,depth/frame_000499.png,0.0010000000474974513
1767977582232,500,rgb/frame_000500.jpg,depth/frame_000500.png,0.0010000000474974513
1767977582264,501,rgb/frame_000501.jpg,depth/frame_000501.png,0.0010000000474974513
1767977582296,502,rgb/frame_000502.jpg,depth/frame_000502.png,0.0010000000474974513
1767977582328,503,rgb/frame_000503.jpg,depth/frame_000503.png,0.0010000000474974513
1767977582360,504,rgb/frame_000504.jpg,depth/frame_000504.png,0.0010000000474974513
1767977582391,505,rgb/frame_000505.jpg,depth/frame_000505.png,0.0010000000474974513
1767977582437,506,rgb/frame_000506.jpg,depth/frame_000506.png,0.0010000000474974513
1767977582471,507,rgb/frame_000507.jpg,depth/frame_000507.png,0.0010000000474974513
1767977582503,508,rgb/frame_000508.jpg,depth/frame_000508.png,0.0010000000474974513
1767977582534,509,rgb/frame_000509.jpg,depth/frame_000509.png,0.0010000000474974513
1767977582578,510,rgb/frame_000510.jpg,depth/frame_000510.png,0.0010000000474974513
1767977582627,511,rgb/frame_000511.jpg,depth/frame_000511.png,0.0010000000474974513
1767977582654,512,rgb/frame_000512.jpg,depth/frame_000512.png,0.0010000000474974513
1767977582685,513,rgb/frame_000513.jpg,depth/frame_000513.png,0.0010000000474974513
1767977582725,514,rgb/frame_000514.jpg,depth/frame_000514.png,0.0010000000474974513
1767977582755,515,rgb/frame_000515.jpg,depth/frame_000515.png,0.0010000000474974513
1767977582800,516,rgb/frame_000516.jpg,depth/frame_000516.png,0.0010000000474974513
1767977582853,517,rgb/frame_000517.jpg,depth/frame_000517.png,0.0010000000474974513
1767977582896,518,rgb/frame_000518.jpg,depth/frame_000518.png,0.0010000000474974513
1767977582935,519,rgb/frame_000519.jpg,depth/frame_000519.png,0.0010000000474974513
1767977582989,520,rgb/frame_000520.jpg,depth/frame_000520.png,0.0010000000474974513
1767977583027,521,rgb/frame_000521.jpg,depth/frame_000521.png,0.0010000000474974513
1767977583059,522,rgb/frame_000522.jpg,depth/frame_000522.png,0.0010000000474974513
1767977583092,523,rgb/frame_000523.jpg,depth/frame_000523.png,0.0010000000474974513
1767977583122,524,rgb/frame_000524.jpg,depth/frame_000524.png,0.0010000000474974513
1767977583155,525,rgb/frame_000525.jpg,depth/frame_000525.png,0.0010000000474974513
1767977583202,526,rgb/frame_000526.jpg,depth/frame_000526.png,0.0010000000474974513
