frame,obj_index,x_m,y_m,z_m,vel_mps
6810,0,0.00938352383673191,0.01551744993776083,0.03887460008263588,0.0
6810,1,-0.013405034318566322,0.006567087490111589,0.040215104818344116,0.0
6810,2,0.2004052698612213,0.1573222279548645,0.1132725402712822,0.0
6810,3,0.39812952280044556,0.5578025579452515,-0.1769464612007141,0.0
6810,4,-1.4799158573150635,1.3785277605056763,0.3860650062561035,0.0
6810,5,0.1689034253358841,0.23664343357086182,-0.5254773497581482,-0.7309340834617615
6810,6,0.4276205897331238,0.32756322622299194,-0.31099680066108704,-0.36546704173088074
6811,0,0.00938352383673191,0.01551744993776083,0.03887460008263588,0.0
6811,1,-0.014745538122951984,0.010555134154856205,0.03887460008263588,0.0
6811,2,0.19169199466705322,0.16160713136196136,0.12198581546545029,0.0
6811,3,-1.4799158573150635,1.3785277605056763,0.3860650062561035,0.0
6811,4,0.1876704841852188,0.8016166090965271,-0.2412906140089035,0.12182234972715378
6811,5,0.4356636106967926,1.6850666999816895,-2.1783180236816406,0.36546704173088074
6811,6,0.13405033946037292,0.3478696644306183,-0.38539472222328186,-0.36546704173088074
6811,7,0.06970617920160294,0.3813985586166382,-0.4008105397224426,-0.12182234972715378
6812,0,0.00938352383673191,0.01551744993776083,0.03887460008263588,0.0
6812,1,-0.013405034318566322,0.006567087490111589,0.040215104818344116,0.0
6812,2,-1.4799158573150635,1.3785277605056763,0.3860650062561035,0.0
6812,3,0.17828695476055145,0.7615357637405396,-0.22922609746456146,0.12182234972715378
6812,4,0.25335514545440674,0.8264962434768677,-0.25335514545440674,0.12182234972715378
6812,5,0.22520458698272705,0.38472217321395874,-0.25737667083740234,-0.36546704173088074
6812,6,1.1742810010910034,5.1743927001953125,-3.327129602432251,-0.36546704173088074
6812,7,1.565708041191101,5.305965900421143,2.9357025623321533,-0.36546704173088074
6813,0,0.00938352383673191,0.01551744993776083,0.03887460008263588,0.0
6813,1,-0.013405034318566322,0.01221256610006094,0.03887460008263588,0.0
6813,2,0.670251727104187,0.4635894298553467,-0.26810067892074585,0.0
6813,3,-1.4799158573150635,1.3785277605056763,0.3860650062561035,0.0
6813,4,0.18498948216438293,0.4357517659664154,-0.1387421041727066,0.12182234972715378
6813,5,0.13740161061286926,0.8527759909629822,-0.16488192975521088,0.24364469945430756
6814,0,0.00938352383673191,0.01551744993776083,0.03887460008263588,0.0
6814,1,-0.013405034318566322,0.01221256610006094,0.03887460008263588,0.0
6814,2,0.2004052698612213,0.1573222279548645,0.1132725402712822,0.0
6814,3,0.6595277190208435,0.43623653054237366,-0.384724497795105,0.0
6814,4,-1.4799158573150635,1.3785277605056763,0.3860650062561035,0.0
6814,5,0.19705401360988617,0.8566288948059082,-0.19705401360988617,0.24364469945430756
6814,6,0.2520146369934082,0.9632557034492493,-0.15750914812088013,0.24364469945430756
6814,7,0.22520458698272705,0.4527013301849365,-0.09651625156402588,0.36546704173088074
1,0,0.00938352383673191,0.01551744993776083,0.03887460008263588,0.0
1,1,-0.013405034318566322,0.01221256610006094,0.03887460008263588,0.0
1,2,0.2004052698612213,0.1573222279548645,0.1132725402712822,0.0
1,3,0.39812952280044556,0.5699489712715149,-0.13270984590053558,0.0
1,4,0.2392798662185669,1.0673588514328003,0.0,0.0
1,5,1.0254851579666138,0.36657026410102844,-0.1025485172867775,0.0
1,6,-1.4799158573150635,1.3785277605056763,0.3860650062561035,0.0
1,7,1.4906398057937622,2.327260732650757,-1.117979884147644,0.0
1,8,0.43432313203811646,0.6310568451881409,0.09651625156402588,0.12182234972715378
2,0,0.00938352383673191,0.01551744993776083,0.03887460008263588,0.0
2,1,-0.013405034318566322,0.006567087490111589,0.040215104818344116,0.0
2,2,0.2004052698612213,0.15066656470298767,0.12198581546545029,0.0
2,3,0.7037643194198608,0.526648998260498,-0.19705401360988617,0.0
2,4,0.6615384221076965,0.75801020860672,-0.06300365924835205,0.0
2,5,0.3760112226009369,1.024915337562561,-0.068365678191185,0.0
2,6,-1.4799158573150635,1.3785277605056763,0.3860650062561035,0.0
2,7,1.4906398057937622,2.369762897491455,-1.0248148441314697,0.0
2,8,0.22118307650089264,0.6421931982040405,-0.19906476140022278,-0.36546704173088074
3,0,0.00938352383673191,0.01551744993776083,0.03887460008263588,0.0
3,1,-0.014745538122951984,0.010555134154856205,0.03887460008263588,0.0
3,2,0.2004052698612213,0.1573222279548645,0.1132725402712822,0.0
3,3,-1.4799158573150635,1.3785277605056763,0.3860650062561035,0.0
3,4,1.397474765777588,2.384368658065796,-1.117979884147644,0.0
3,5,0.22118307650089264,0.6719744801521301,0.022118307650089264,-0.12182234972715378
3,6,0.6300365924835205,0.7843892574310303,-0.06300365924835205,-0.12182234972715378
4,0,0.00938352383673191,0.01551744993776083,0.03887460008263588,0.0
4,1,-0.013405034318566322,0.006567087490111589,0.040215104818344116,0.0
4,2,0.19169199466705322,0.16160713136196136,0.12198581546545029,0.0
4,3,0.19906476140022278,0.6734289526939392,0.08847323060035706,0.0
4,4,-1.4799158573150635,1.3785277605056763,0.3860650062561035,0.0
4,5,1.4906398057937622,2.327260732650757,-1.117979884147644,0.0
4,6,0.0,0.7064021229743958,0.04423661530017853,0.36546704173088074
5,0,0.00938352383673191,0.01551744993776083,0.03887460008263588,0.0
5,1,-0.013405034318566322,0.006567087490111589,0.040215104818344116,0.0
5,2,0.2004052698612213,0.15066656470298767,0.12198581546545029,0.0
5,3,-1.4799158573150635,1.3785277605056763,0.3860650062561035,0.0
5,4,1.4906398057937622,2.327260732650757,-1.117979884147644,0.0
5,5,0.13270984590053558,0.6863806843757629,0.11059153825044632,0.12182234972715378
6,0,0.00938352383673191,0.01551744993776083,0.03887460008263588,0.0
6,1,-0.014745538122951984,0.010555134154856205,0.03887460008263588,0.0
6,2,0.2004052698612213,0.1573222279548645,0.1132725402712822,0.0
6,3,0.6300365924835205,0.7767612934112549,-0.1260073184967041,0.0
6,4,-1.4799158573150635,1.3785277605056763,0.3860650062561035,0.0
6,5,1.4906398057937622,2.369762897491455,-1.0248148441314697,0.0
6,6,0.13673135638237,0.6983122229576111,0.15951991081237793,0.12182234972715378
6,7,-0.1983945071697235,0.7683786153793335,0.0,-0.7309340834617615
7,0,0.00938352383673191,0.01551744993776083,0.03887460008263588,0.0
7,1,-0.013405034318566322,0.006567087490111589,0.040215104818344116,0.0
7,2,0.2004052698612213,0.15066656470298767,0.12198581546545029,0.0
7,3,0.7037643194198608,0.486768901348114,-0.2815057337284088,0.0
7,4,0.6615384221076965,0.754730224609375,-0.09450548887252808,0.0
7,5,-1.4799158573150635,1.3785277605056763,0.3860650062561035,0.0
7,6,1.4906398057937622,2.369762897491455,-1.0248148441314697,0.0
7,7,-0.068365678191185,0.7245901823043823,-0.045577116310596466,-0.7309340834617615
7,8,0.045577116310596466,0.7188336253166199,0.11394278705120087,-0.36546704173088074
8,0,0.00938352383673191,0.01551744993776083,0.03887460008263588,0.0
8,1,-0.014745538122951984,0.010555134154856205,0.03887460008263588,0.0
8,2,0.2004052698612213,0.1573222279548645,0.1132725402712822,0.0
8,3,0.22788557410240173,0.6790837645530701,0.13673135638237,0.0
8,4,-1.4799158573150635,1.3785277605056763,0.3860650062561035,0.0
8,5,1.4906398057937622,2.369762897491455,-1.0248148441314697,0.0
8,6,0.05831190198659897,0.6180328130722046,-0.03887460008263588,-0.4872893989086151
8,7,0.10858078300952911,0.5662302374839783,-0.05429039150476456,-0.24364469945430756
9,0,0.00938352383673191,0.01551744993776083,0.03887460008263588,0.0
9,1,-0.013405034318566322,0.01221256610006094,0.03887460008263588,0.0
9,2,0.19169199466705322,0.16160713136196136,0.12198581546545029,0.0
9,3,0.304964542388916,0.6445839405059814,0.23458810150623322,0.0
9,4,0.5670329332351685,0.8280848264694214,-0.09450548887252808,0.0
9,5,-1.4799158573150635,1.3785277605056763,0.3860650062561035,0.0
9,6,1.4906398057937622,2.327260732650757,-1.117979884147644,0.0
9,7,0.31903982162475586,0.6298882961273193,0.18230846524238586,0.12182234972715378
9,8,0.3016132712364197,0.5594093203544617,-0.10053776204586029,0.7309340834617615
9,9,0.9323201179504395,1.4592238664627075,-1.5060555934906006,-0.9745787978172302
9,10,0.3056347966194153,0.70168536901474,0.2801652252674103,-0.12182234972715378
10,0,0.00938352383673191,0.01551744993776083,0.03887460008263588,0.0
10,1,-0.013405034318566322,0.006567087490111589,0.040215104818344116,0.0
10,2,0.2004052698612213,0.1573222279548645,0.1132725402712822,0.0
10,3,0.7037643194198608,0.526648998260498,-0.19705401360988617,0.0
10,4,0.3076455593109131,1.0491403341293335,-0.0341828390955925,0.0
10,5,-1.4799158573150635,1.3785277605056763,0.3860650062561035,0.0
10,6,1.4906398057937622,2.369762897491455,-1.0248148441314697,0.0
10,7,0.4075130522251129,0.5370586514472961,-0.12868833541870117,0.4872893989086151
11,0,0.00938352383673191,0.01551744993776083,0.03887460008263588,0.0
11,1,-0.013405034318566322,0.006567087490111589,0.040215104818344116,0.0
11,2,0.2004052698612213,0.1573222279548645,0.1132725402712822,0.0
11,3,0.47118696570396423,0.6145027279853821,0.17359519004821777,0.0
11,4,0.7037643194198608,0.501996636390686,-0.25335514545440674,0.0
11,5,-1.4799158573150635,1.3785277605056763,0.3860650062561035,0.0
11,6,1.4906398057937622,2.369762897491455,-1.0248148441314697,0.0
11,7,0.4202478528022766,0.5149339437484741,-0.2433013916015625,-0.6091117262840271
11,8,0.4101940393447876,0.5747056007385254,-0.18230846524238586,-0.36546704173088074
12,0,0.00938352383673191,0.01551744993776083,0.03887460008263588,0.0
12,1,-0.014745538122951984,0.010555134154856205,0.03887460008263588,0.0
12,2,0.2004052698612213,0.15066656470298767,0.12198581546545029,0.0
12,3,0.6756137609481812,0.5623072385787964,-0.19705401360988617,0.0
12,4,-1.4799158573150635,1.3785277605056763,0.3860650062561035,0.0
12,5,1.4906398057937622,2.369762897491455,-1.0248148441314697,0.0
12,6,0.4463876485824585,0.6561281681060791,0.0,-0.4872893989086151
12,7,0.09651625156402588,1.0168617963790894,-0.12868833541870117,-0.12182234972715378
12,8,0.8686462640762329,0.5373796820640564,-0.12868833541870117,-0.12182234972715378
13,0,0.00938352383673191,0.01551744993776083,0.03887460008263588,0.0
13,1,-0.013405034318566322,0.006567087490111589,0.040215104818344116,0.0
13,2,0.2004052698612213,0.15066656470298767,0.12198581546545029,0.0
13,3,0.691699743270874,0.5756955742835999,-0.20174576342105865,0.0
13,4,0.4725274443626404,0.8701578378677368,-0.18901097774505615,0.0
13,5,-1.4799158573150635,1.3785277605056763,0.3860650062561035,0.0
13,6,1.4906398057937622,2.369762897491455,-1.0248148441314697,0.0
13,7,0.12466681748628616,0.65276700258255,-0.020777802914381027,0.12182234972715378
13,8,0.41019406914711,0.652377724647522,0.04825812578201294,-0.4872893989086151
13,9,0.4443769156932831,0.6771171689033508,0.2091185450553894,-0.24364469945430756
14,0,0.00938352383673191,0.01551744993776083,0.03887460008263588,0.0
14,1,-0.013405034318566322,0.006567087490111589,0.040215104818344116,0.0
14,2,0.2004052698612213,0.1573222279548645,0.1132725402712822,0.0
14,3,0.26810067892074585,1.0378085374832153,-0.03351258486509323,0.0
14,4,-1.4799158573150635,1.3785277605056763,0.3860650062561035,0.0
14,5,1.4906398057937622,2.369762897491455,-1.0248148441314697,0.0
14,6,0.23592860996723175,0.6387776732444763,0.08579222112894058,-0.12182234972715378
15,0,0.00938352383673191,0.01551744993776083,0.03887460008263588,0.0
15,1,-0.013405034318566322,0.01221256610006094,0.03887460008263588,0.0
15,2,0.2004052698612213,0.1573222279548645,0.1132725402712822,0.0
15,3,0.13270984590053558,0.6895806193351746,0.08847323060035706,0.0
15,4,0.5241368412971497,0.8358713388442993,0.0,0.0
15,5,-1.4799158573150635,1.3785277605056763,0.3860650062561035,0.0
15,6,1.4906398057937622,2.369762897491455,-1.0248148441314697,0.0
16,0,0.00938352383673191,0.01551744993776083,0.03887460008263588,0.0
16,1,-0.013405034318566322,0.01221256610006094,0.03887460008263588,0.0
16,2,0.19169199466705322,0.1678294837474823,0.1132725402712822,0.0
16,3,0.5355311036109924,0.8487975001335144,-0.09450548887252808,0.0
16,4,-1.4799158573150635,1.3785277605056763,0.3860650062561035,0.0
16,5,1.4906398057937622,2.369762897491455,-1.0248148441314697,0.0
16,6,0.3820434808731079,0.7085850834846497,0.12734782695770264,0.12182234972715378
16,7,0.12868833541870117,0.668684184551239,0.08579222112894058,-0.12182234972715378
17,0,0.00938352383673191,0.01551744993776083,0.03887460008263588,0.0
17,1,-0.014745538122951984,0.010555134154856205,0.03887460008263588,0.0
17,2,0.2004052698612213,0.1573222279548645,0.1132725402712822,0.0
17,3,0.6756137609481812,0.5392873883247375,-0.25335514545440674,0.0
17,4,-1.4799158573150635,1.3785277605056763,0.3860650062561035,0.0
17,5,1.4906398057937622,2.369762897491455,-1.0248148441314697,0.0
17,6,0.28753799200057983,0.6279418468475342,0.15482816100120544,0.12182234972715378
17,7,0.20107552409172058,0.5896691679954529,-0.16086041927337646,0.36546704173088074
18,0,0.00938352383673191,0.01551744993776083,0.03887460008263588,0.0
18,1,-0.014745538122951984,0.010555134154856205,0.03887460008263588,0.0
18,2,0.19169199466705322,0.16160713136196136,0.12198581546545029,0.0
18,3,0.5040292739868164,0.867874026298523,-0.09450548887252808,0.0
18,4,-1.4799158573150635,1.3785277605056763,0.3860650062561035,0.0
18,5,1.4906398057937622,2.369762897491455,-1.0248148441314697,0.0
18,6,0.3538929224014282,0.6093583703041077,0.06635492295026779,0.24364469945430756
18,7,0.3016132712364197,0.5506680011749268,-0.1407528668642044,0.4872893989086151
19,0,0.00938352383673191,0.01551744993776083,0.03887460008263588,0.0
19,1,-0.013405034318566322,0.006567087490111589,0.040215104818344116,0.0
19,2,0.19169199466705322,0.16160713136196136,0.12198581546545029,0.0
19,3,0.3740004599094391,0.5169456601142883,-0.18700022995471954,0.0
19,4,0.3076455593109131,1.0491403341293335,-0.0341828390955925,0.0
19,5,-1.4799158573150635,1.3785277605056763,0.3860650062561035,0.0
19,6,1.4906398057937622,2.369762897491455,-1.0248148441314697,0.0
20,0,0.00938352383673191,0.01551744993776083,0.03887460008263588,0.0
20,1,-0.014745538122951984,0.010555134154856205,0.03887460008263588,0.0
20,2,0.19169199466705322,0.1678294837474823,0.1132725402712822,0.0
20,3,0.28954875469207764,0.7153768539428711,-0.02412906289100647,0.0
20,4,0.6300365924835205,0.781220018863678,-0.09450548887252808,0.0
20,5,-1.4799158573150635,1.3785277605056763,0.3860650062561035,0.0
20,6,1.4906398057937622,2.369762897491455,-1.0248148441314697,0.0
20,7,0.17158444225788116,0.635890543460846,-0.19303250312805176,0.12182234972715378
20,8,0.38740548491477966,0.616134524345398,0.045577116310596466,-0.12182234972715378
21,0,0.00938352383673191,0.01551744993776083,0.03887460008263588,0.0
21,1,-0.014745538122951984,0.010555134154856205,0.03887460008263588,0.0
21,2,0.2004052698612213,0.1573222279548645,0.1132725402712822,0.0
21,3,0.2433013916015625,0.6642861366271973,0.022118307650089264,0.0
21,4,-1.4799158573150635,1.3785277605056763,0.3860650062561035,0.0
21,5,1.4906398057937622,2.369762897491455,-1.0248148441314697,0.0
21,6,0.06434416770935059,0.6819671988487244,-0.04289611056447029,0.36546704173088074
21,7,0.4443769156932831,0.6771171689033508,0.2091185450553894,-0.24364469945430756
22,0,0.00938352383673191,0.01551744993776083,0.03887460008263588,0.0
22,1,-0.014745538122951984,0.010555134154856205,0.03887460008263588,0.0
22,2,0.2004052698612213,0.1573222279548645,0.1132725402712822,0.0
22,3,0.19906476140022278,0.6759667992591858,0.06635492295026779,0.0
22,4,-1.4799158573150635,1.3785277605056763,0.3860650062561035,0.0
22,5,1.4906398057937622,2.369762897491455,-1.0248148441314697,0.0
23,0,0.00938352383673191,0.01551744993776083,0.03887460008263588,0.0
23,1,-0.013405034318566322,0.006567087490111589,0.040215104818344116,0.0
23,2,0.2004052698612213,0.15066656470298767,0.12198581546545029,0.0
23,3,0.1769464612007141,0.6795758008956909,0.08847323060035706,0.0
23,4,0.5355311036109924,0.8534612655639648,-0.031501829624176025,0.0
23,5,-1.4799158573150635,1.3785277605056763,0.3860650062561035,0.0
23,6,1.4906398057937622,2.369762897491455,-1.0248148441314697,0.0
24,0,0.00938352383673191,0.01551744993776083,0.03887460008263588,0.0
24,1,-0.013405034318566322,0.006567087490111589,0.040215104818344116,0.0
24,2,0.19169199466705322,0.1678294837474823,0.1132725402712822,0.0
24,3,-1.4799158573150635,1.3785277605056763,0.3860650062561035,0.0
24,4,1.4906398057937622,2.369762897491455,-1.0248148441314697,0.0
24,5,0.36595743894577026,0.7225189208984375,0.2091185450553894,0.12182234972715378
24,6,0.15482816100120544,0.6874489784240723,0.06635492295026779,-0.12182234972715378
25,0,0.00938352383673191,0.01551744993776083,0.03887460008263588,0.0
25,1,-0.013405034318566322,0.01221256610006094,0.03887460008263588,0.0
25,2,0.19169199466705322,0.16160713136196136,0.12198581546545029,0.0
25,3,0.22118307650089264,0.6664918065071106,0.08847323060035706,0.0
25,4,0.5241368412971497,0.8353025317192078,-0.030831579118967056,0.0
25,5,0.3351258635520935,1.0181429386138916,-0.03351258486509323,0.0
25,6,-1.4799158573150635,1.3785277605056763,0.3860650062561035,0.0
25,7,1.4906398057937622,2.369762897491455,-1.0248148441314697,0.0
25,8,0.16622242331504822,0.6271317601203918,-0.1454446166753769,0.12182234972715378
26,0,0.00938352383673191,0.01551744993776083,0.03887460008263588,0.0
26,1,-0.013405034318566322,0.006567087490111589,0.040215104818344116,0.0
26,2,0.19169199466705322,0.16160713136196136,0.12198581546545029,0.0
26,3,0.6930402517318726,0.725910484790802,-0.09450548887252808,0.0
26,4,-1.4799158573150635,1.3785277605056763,0.3860650062561035,0.0
26,5,1.4906398057937622,2.369762897491455,-1.0248148441314697,0.0
26,6,0.36461693048477173,0.604648768901825,0.18230846524238586,0.24364469945430756
26,7,0.3418283760547638,0.4311797618865967,-0.4785597324371338,0.24364469945430756
26,8,0.8686462640762329,2.1461305618286133,-0.07238718867301941,0.4872893989086151
26,9,-2.0992283821105957,0.9684746861457825,-0.14477437734603882,0.4872893989086151
27,0,0.00938352383673191,0.01551744993776083,0.03887460008263588,0.0
27,1,-0.014745538122951984,0.010555134154856205,0.03887460008263588,0.0
27,2,0.19169199466705322,0.16160713136196136,0.12198581546545029,0.0
27,3,0.3096563220024109,0.630274772644043,-0.08847323060035706,0.0
27,4,0.3016132712364197,1.0269297361373901,-0.06702516973018646,0.0
27,5,-1.4799158573150635,1.3785277605056763,0.3860650062561035,0.0
27,6,1.397474765777588,2.425870180130005,-1.0248148441314697,0.0
27,7,0.3418283760547638,0.6441547870635986,0.0,0.12182234972715378
28,0,0.00938352383673191,0.01551744993776083,0.03887460008263588,0.0
28,1,-0.014745538122951984,0.010555134154856205,0.03887460008263588,0.0
28,2,0.2004052698612213,0.1573222279548645,0.1132725402712822,0.0
28,3,0.6166315674781799,0.7645983099937439,-0.09249474108219147,0.0
28,4,-1.4799158573150635,1.3785277605056763,0.3860650062561035,0.0
28,5,1.4906398057937622,2.369762897491455,-1.0248148441314697,0.0
28,6,0.3418283760547638,0.6425403952598572,0.045577116310596466,-0.12182234972715378
29,0,0.00938352383673191,0.01551744993776083,0.03887460008263588,0.0
29,1,-0.013405034318566322,0.006567087490111589,0.040215104818344116,0.0
29,2,0.19169199466705322,0.16160713136196136,0.12198581546545029,0.0
29,3,0.3076455593109131,1.0491403341293335,-0.0341828390955925,0.0
29,4,-1.4799158573150635,1.3785277605056763,0.3860650062561035,0.0
29,5,1.4906398057937622,2.369762897491455,-1.0248148441314697,0.0
29,6,0.27346271276474,0.6725520491600037,0.068365678191185,-0.12182234972715378
30,0,0.00938352383673191,0.01551744993776083,0.03887460008263588,0.0
30,1,-0.013405034318566322,0.006567087490111589,0.040215104818344116,0.0
30,2,0.2004052698612213,0.1573222279548645,0.1132725402712822,0.0
30,3,-1.4799158573150635,1.3785277605056763,0.3860650062561035,0.0
30,4,1.4906398057937622,2.369762897491455,-1.0248148441314697,0.0
30,5,0.19906476140022278,0.6759667992591858,0.06635492295026779,-0.12182234972715378
31,0,0.00938352383673191,0.01551744993776083,0.03887460008263588,0.0
31,1,-0.014745538122951984,0.010555134154856205,0.03887460008263588,0.0
31,2,0.2004052698612213,0.1573222279548645,0.1132725402712822,0.0
31,3,0.3612656891345978,0.9847224950790405,-0.06568466871976852,0.0
31,4,-1.4799158573150635,1.3785277605056763,0.3860650062561035,0.0
31,5,1.4906398057937622,2.369762897491455,-1.0248148441314697,0.0
31,6,0.1769464612007141,0.6795758008956909,0.08847323060035706,-0.12182234972715378
32,0,0.00938352383673191,0.01551744993776083,0.03887460008263588,0.0
32,1,-0.013405034318566322,0.006567087490111589,0.040215104818344116,0.0
32,2,0.2004052698612213,0.1573222279548645,0.1132725402712822,0.0
32,3,0.2433013916015625,0.646369457244873,0.15482816100120544,0.0
32,4,0.5549684166908264,0.8104659914970398,-0.09249474108219147,0.0
32,5,-1.4799158573150635,1.3785277605056763,0.3860650062561035,0.0
32,6,1.4906398057937622,2.369762897491455,-1.0248148441314697,0.0
33,0,0.00938352383673191,0.01551744993776083,0.03887460008263588,0.0
33,1,-0.013405034318566322,0.006567087490111589,0.040215104818344116,0.0
33,2,0.2004052698612213,0.1573222279548645,0.1132725402712822,0.0
33,3,0.6628789305686951,0.598335862159729,-0.2305665910243988,0.0
33,4,-1.4799158573150635,1.3785277605056763,0.3860650062561035,0.0
33,5,1.4906398057937622,2.369762897491455,-1.0248148441314697,0.0
33,6,0.26139819622039795,0.5792929530143738,-0.10053776204586029,0.36546704173088074
34,0,0.00938352383673191,0.01551744993776083,0.03887460008263588,0.0
34,1,-0.014745538122951984,0.010555134154856205,0.03887460008263588,0.0
34,2,0.19169199466705322,0.16160713136196136,0.12198581546545029,0.0
34,3,0.6870080232620239,0.4581885039806366,-0.30228352546691895,0.0
34,4,0.6474631428718567,0.734154224395752,-0.12332631647586823,0.0
34,5,-1.4799158573150635,1.3785277605056763,0.3860650062561035,0.0
34,6,1.4906398057937622,2.369762897491455,-1.0248148441314697,0.0
34,7,0.4101940393447876,0.6024977564811707,0.022788558155298233,0.24364469945430756
35,0,0.00938352383673191,0.01551744993776083,0.03887460008263588,0.0
35,1,-0.014745538122951984,0.010555134154856205,0.03887460008263588,0.0
35,2,0.2004052698612213,0.1573222279548645,0.1132725402712822,0.0
35,3,0.7037643194198608,0.501996636390686,-0.25335514545440674,0.0
35,4,0.6930402517318726,0.7211098670959473,-0.1260073184967041,0.0
35,5,-1.4799158573150635,1.3785277605056763,0.3860650062561035,0.0
35,6,1.397474765777588,2.425870180130005,-1.0248148441314697,0.0
35,7,0.25737667083740234,0.5990116000175476,-0.21448054909706116,-0.24364469945430756
36,0,0.00938352383673191,0.01551744993776083,0.03887460008263588,0.0
36,1,-0.014745538122951984,0.010555134154856205,0.03887460008263588,0.0
36,2,0.19169199466705322,0.16160713136196136,0.12198581546545029,0.0
36,3,0.7037643194198608,0.486768901348114,-0.2815057337284088,0.0
36,4,-1.4799158573150635,1.3785277605056763,0.3860650062561035,0.0
36,5,1.4906398057937622,2.369762897491455,-1.0248148441314697,0.0
36,6,0.1454446166753769,0.6434413194656372,-0.08311121165752411,0.12182234972715378
36,7,0.422258585691452,0.6166588664054871,0.0703764334321022,-0.36546704173088074
36,8,0.6166315674781799,0.7602344751358032,-0.12332631647586823,-0.12182234972715378
37,0,0.00938352383673191,0.01551744993776083,0.03887460008263588,0.0
37,1,-0.013405034318566322,0.01221256610006094,0.03887460008263588,0.0
37,2,0.2004052698612213,0.1573222279548645,0.1132725402712822,0.0
37,3,-1.4799158573150635,1.3785277605056763,0.3860650062561035,0.0
37,4,1.4906398057937622,2.369762897491455,-1.0248148441314697,0.0
37,5,0.10724027454853058,0.6779078245162964,0.0,0.12182234972715378
37,6,0.25737667083740234,0.6304414868354797,0.08579222112894058,-0.12182234972715378
37,7,0.6032265424728394,0.7437076568603516,-0.12064531445503235,-0.12182234972715378
38,0,0.00938352383673191,0.01551744993776083,0.03887460008263588,0.0
38,1,-0.013405034318566322,0.01221256610006094,0.03887460008263588,0.0
38,2,0.2004052698612213,0.1573222279548645,0.1132725402712822,0.0
38,3,0.23592860996723175,0.6315350532531738,0.12868833541870117,0.0
38,4,-1.4799158573150635,1.3785277605056763,0.3860650062561035,0.0
38,5,1.4906398057937622,2.369762897491455,-1.0248148441314697,0.0
38,6,-0.06434416770935059,0.6802787780761719,-0.06434416770935059,-0.4872893989086151
38,7,-0.10992128401994705,1.8847570419311523,-2.967874765396118,-0.36546704173088074
38,8,0.6032265424728394,0.751011073589325,-0.060322657227516174,-0.12182234972715378
39,0,0.00938352383673191,0.01551744993776083,0.03887460008263588,0.0
39,1,-0.013405034318566322,0.01221256610006094,0.03887460008263588,0.0
39,2,0.2004052698612213,0.1573222279548645,0.1132725402712822,0.0
39,3,0.3538929224014282,0.9619399309158325,-0.09651625156402588,0.0
39,4,-1.4799158573150635,1.3785277605056763,0.3860650062561035,0.0
39,5,1.397474765777588,2.425870180130005,-1.0248148441314697,0.0
40,0,0.00938352383673191,0.01551744993776083,0.03887460008263588,0.0
40,1,-0.013405034318566322,0.006567087490111589,0.040215104818344116,0.0
40,2,0.19169199466705322,0.16160713136196136,0.12198581546545029,0.0
40,3,-1.4799158573150635,1.3785277605056763,0.3860650062561035,0.0
40,4,1.4906398057937622,2.369762897491455,-1.0248148441314697,0.0
40,5,0.22118307650089264,0.5920641422271729,-0.12064531445503235,0.24364469945430756
40,6,0.26541969180107117,0.6425739526748657,0.13270984590053558,-0.12182234972715378
41,0,0.00938352383673191,0.01551744993776083,0.03887460008263588,0.0
41,1,-0.014745538122951984,0.010555134154856205,0.03887460008263588,0.0
41,2,0.19169199466705322,0.16160713136196136,0.12198581546545029,0.0
41,3,0.6193126440048218,0.6319787502288818,-0.1689034402370453,0.0
41,4,-1.4799158573150635,1.3785277605056763,0.3860650062561035,0.0
41,5,0.32172083854675293,0.6058838367462158,0.021448055282235146,0.24364469945430756
42,0,0.00938352383673191,0.01551744993776083,0.03887460008263588,0.0
42,1,-0.013405034318566322,0.006567087490111589,0.040215104818344116,0.0
42,2,0.2004052698612213,0.1573222279548645,0.1132725402712822,0.0
42,3,-1.4799158573150635,1.3785277605056763,0.3860650062561035,0.0
42,4,1.397474765777588,2.425870180130005,-1.0248148441314697,0.0
42,5,0.2412906289100647,0.5361595153808594,-0.26139819622039795,-0.36546704173088074
42,6,0.27882471680641174,0.6032205820083618,-0.17158444225788116,-0.12182234972715378
43,0,0.00938352383673191,0.01551744993776083,0.03887460008263588,0.0
43,1,-0.013405034318566322,0.01221256610006094,0.03887460008263588,0.0
43,2,0.19169199466705322,0.16160713136196136,0.12198581546545029,0.0
43,3,0.1407528668642044,0.6161578893661499,-0.12064531445503235,0.0
43,4,-1.4799158573150635,1.3785277605056763,0.3860650062561035,0.0
43,5,1.4906398057937622,2.327260732650757,-1.117979884147644,0.0
44,0,0.00938352383673191,0.01551744993776083,0.03887460008263588,0.0
44,1,-0.014745538122951984,0.010555134154856205,0.03887460008263588,0.0
44,2,0.2004052698612213,0.1573222279548645,0.1132725402712822,0.0
44,3,0.16622242331504822,0.6434413194656372,-0.020777802914381027,0.0
44,4,-1.4799158573150635,1.3785277605056763,0.3860650062561035,0.0
44,5,1.397474765777588,2.425870180130005,-1.0248148441314697,0.0
44,6,0.22118307650089264,0.6028913855552673,-0.040215104818344116,-0.24364469945430756
44,7,0.7238718867301941,0.6268914341926575,-0.12064531445503235,-0.12182234972715378
45,0,0.00938352383673191,0.01551744993776083,0.03887460008263588,0.0
45,1,-0.014745538122951984,0.010555134154856205,0.03887460008263588,0.0
45,2,0.19169199466705322,0.16160713136196136,0.12198581546545029,0.0
45,3,-1.4799158573150635,1.3785277605056763,0.3860650062561035,0.0
45,4,1.397474765777588,2.425870180130005,-1.0248148441314697,0.0
45,5,0.3016132712364197,0.5651617646217346,0.060322657227516174,-0.12182234972715378
45,6,0.5764164924621582,0.7106539607048035,-0.1152832955121994,-0.12182234972715378
45,7,0.22051280736923218,0.975540041923523,-0.1260073184967041,-0.12182234972715378
46,0,0.00938352383673191,0.01551744993776083,0.03887460008263588,0.0
46,1,-0.014745538122951984,0.010555134154856205,0.03887460008263588,0.0
46,2,0.19169199466705322,0.16160713136196136,0.12198581546545029,0.0
46,3,0.20107552409172058,0.6059016585350037,0.08043020963668823,0.0
46,4,-1.4799158573150635,1.3785277605056763,0.3860650062561035,0.0
46,5,1.4906398057937622,2.369762897491455,-1.0248148441314697,0.0
46,6,-0.060322657227516174,0.6200824975967407,-0.16086041927337646,-0.6091117262840271
47,0,0.00938352383673191,0.01551744993776083,0.03887460008263588,0.0
47,1,-0.013405034318566322,0.01221256610006094,0.03887460008263588,0.0
47,2,0.2004052698612213,0.15066656470298767,0.12198581546545029,0.0
47,3,-1.4799158573150635,1.3785277605056763,0.3860650062561035,0.0
47,4,1.397474765777588,2.425870180130005,-1.0248148441314697,0.0
47,5,0.13606110215187073,0.6066181659698486,-0.01943730004131794,-0.24364469945430756
48,0,0.00938352383673191,0.01551744993776083,0.03887460008263588,0.0
48,1,-0.014745538122951984,0.010555134154856205,0.03887460008263588,0.0
48,2,0.2004052698612213,0.1573222279548645,0.1132725402712822,0.0
48,3,0.36193594336509705,0.6608015894889832,0.1689034402370453,0.0
48,4,0.5764164924621582,0.6910991072654724,-0.20174576342105865,0.0
48,5,-1.4799158573150635,1.3785277605056763,0.3860650062561035,0.0
48,6,0.27212220430374146,0.5589702725410461,-0.01943730004131794,0.24364469945430756
48,7,0.29155948758125305,0.5369059443473816,-0.11662380397319794,0.4872893989086151
49,0,0.00938352383673191,0.01551744993776083,0.03887460008263588,0.0
49,1,-0.014745538122951984,0.010555134154856205,0.03887460008263588,0.0
49,2,0.2004052698612213,0.1573222279548645,0.1132725402712822,0.0
49,3,0.691699743270874,0.5990296602249146,-0.1152832955121994,0.0
49,4,-1.4799158573150635,1.3785277605056763,0.3860650062561035,0.0
49,5,0.4101940393447876,0.5872200727462769,0.13673135638237,0.24364469945430756
50,0,0.00938352383673191,0.01551744993776083,0.03887460008263588,0.0
50,1,-0.013405034318566322,0.01221256610006094,0.03887460008263588,0.0
50,2,0.19169199466705322,0.16160713136196136,0.12198581546545029,0.0
50,3,0.6434416770935059,0.447816401720047,-0.3485308885574341,0.0
50,4,0.30831578373908997,0.9290491938591003,-0.12332631647586823,0.0
50,5,-1.4799158573150635,1.3785277605056763,0.3860650062561035,0.0
50,6,0.34316888451576233,0.5129628777503967,-0.30027276277542114,-0.9745787978172302
50,7,0.3498713970184326,0.4761146605014801,-0.1943729966878891,-0.7309340834617615
50,8,0.3498713970184326,0.4835944175720215,-0.1749356985092163,-0.7309340834617615
51,0,0.00938352383673191,0.01551744993776083,0.03887460008263588,0.0
51,1,-0.014745538122951984,0.010555134154856205,0.03887460008263588,0.0
51,2,0.2004052698612213,0.1573222279548645,0.1132725402712822,0.0
51,3,0.4785597324371338,0.7584999203681946,-0.08445172011852264,0.0
51,4,-1.4799158573150635,1.3785277605056763,0.3860650062561035,0.0
51,5,0.11260228604078293,0.5790477991104126,-0.11260228604078293,0.12182234972715378
52,0,0.00938352383673191,0.01551744993776083,0.03887460008263588,0.0
52,1,-0.013405034318566322,0.006567087490111589,0.040215104818344116,0.0
52,2,0.19169199466705322,0.1678294837474823,0.1132725402712822,0.0
52,3,-1.4799158573150635,1.3785277605056763,0.3860650062561035,0.0
52,4,1.4906398057937622,2.369762897491455,-1.0248148441314697,0.0
52,5,0.1943729966878891,0.5827949643135071,0.09718649834394455,0.12182234972715378
52,6,0.422258585691452,0.6166588664054871,0.0703764334321022,-0.12182234972715378
53,0,0.00938352383673191,0.01551744993776083,0.03887460008263588,0.0
53,1,-0.013405034318566322,0.01221256610006094,0.03887460008263588,0.0
53,2,0.2004052698612213,0.1573222279548645,0.1132725402712822,0.0
53,3,-1.4799158573150635,1.3785277605056763,0.3860650062561035,0.0
53,4,1.4906398057937622,2.327260732650757,-1.117979884147644,0.0
53,5,0.4504091739654541,0.7801315784454346,0.0,0.12182234972715378
53,6,0.16086041927337646,0.61121666431427,0.12064531445503235,0.24364469945430756
54,0,0.00938352383673191,0.01551744993776083,0.03887460008263588,0.0
54,1,-0.013405034318566322,0.006567087490111589,0.040215104818344116,0.0
54,2,0.2004052698612213,0.1573222279548645,0.1132725402712822,0.0
54,3,-1.4799158573150635,1.3785277605056763,0.3860650062561035,0.0
54,4,1.397474765777588,2.425870180130005,-1.0248148441314697,0.0
54,5,0.18700022995471954,0.6257534623146057,0.12466681748628616,0.12182234972715378
54,6,0.31501829624176025,0.9570544362068176,-0.031501829624176025,0.12182234972715378
54,7,-0.09115423262119293,0.7177491784095764,-0.09115423262119293,-0.4872893989086151
54,8,-0.041555605828762054,0.6632644534111023,0.020777802914381027,-0.24364469945430756
55,0,0.00938352383673191,0.01551744993776083,0.03887460008263588,0.0
55,1,-0.014745538122951984,0.010555134154856205,0.03887460008263588,0.0
55,2,0.2004052698612213,0.1573222279548645,0.1132725402712822,0.0
55,3,-1.4799158573150635,1.3785277605056763,0.3860650062561035,0.0
55,4,1.397474765777588,2.384368658065796,-1.117979884147644,0.0
55,5,0.41019406914711,0.6429387331008911,0.12064531445503235,0.36546704173088074
55,6,0.3987997770309448,0.6144238114356995,0.1642116755247116,0.4872893989086151
55,7,0.16622242331504822,0.6424340605735779,0.041555605828762054,-0.12182234972715378
56,0,0.00938352383673191,0.01551744993776083,0.03887460008263588,0.0
56,1,-0.013405034318566322,0.006567087490111589,0.040215104818344116,0.0
56,2,0.2004052698612213,0.1573222279548645,0.1132725402712822,0.0
56,3,0.4718572199344635,0.7978957891464233,-0.1769464612007141,0.0
56,4,-1.4799158573150635,1.3785277605056763,0.3860650062561035,0.0
56,5,1.397474765777588,2.425870180130005,-1.0248148441314697,0.0
56,6,0.3760112226009369,0.5893605947494507,0.11059153825044632,0.24364469945430756
56,7,0.32172083854675293,0.5335136651992798,-0.16086041927337646,0.7309340834617615
56,8,0.5067102909088135,0.7362330555915833,-0.11260229349136353,-0.24364469945430756
57,0,0.00938352383673191,0.01551744993776083,0.03887460008263588,0.0
57,1,-0.013405034318566322,0.006567087490111589,0.040215104818344116,0.0
57,2,0.19169199466705322,0.16160713136196136,0.12198581546545029,0.0
57,3,0.619312584400177,0.6897382140159607,-0.1769464612007141,0.0
57,4,-1.4799158573150635,1.3785277605056763,0.3860650062561035,0.0
57,5,1.397474765777588,2.425870180130005,-1.0248148441314697,0.0
57,6,0.4202478528022766,0.5586788654327393,-0.11059153825044632,0.24364469945430756
58,0,0.00938352383673191,0.01551744993776083,0.03887460008263588,0.0
58,1,-0.014745538122951984,0.010555134154856205,0.03887460008263588,0.0
58,2,0.2004052698612213,0.15066656470298767,0.12198581546545029,0.0
58,3,0.670251727104187,0.28118637204170227,-0.45577117800712585,0.0
58,4,0.5013483166694641,0.7907788753509521,-0.11796430498361588,0.0
58,5,-1.4799158573150635,1.3785277605056763,0.3860650062561035,0.0
58,6,0.34316888451576233,0.5621681809425354,-0.19303250312805176,-0.6091117262840271
58,7,0.4202478528022766,0.5677989721298218,0.04423661530017853,-0.24364469945430756
59,0,0.00938352383673191,0.01551744993776083,0.03887460008263588,0.0
59,1,-0.013405034318566322,0.01221256610006094,0.03887460008263588,0.0
59,2,0.2004052698612213,0.1573222279548645,0.1132725402712822,0.0
59,3,-1.4799158573150635,1.3785277605056763,0.3860650062561035,0.0
59,4,1.397474765777588,2.425870180130005,-1.0248148441314697,0.0
59,5,0.844517171382904,2.7549872398376465,-0.844517171382904,0.36546704173088074
59,6,0.30027276277542114,0.6156750321388245,0.04289611056447029,-0.12182234972715378
60,0,0.00938352383673191,0.01551744993776083,0.03887460008263588,0.0
60,1,-0.013405034318566322,0.01221256610006094,0.03887460008263588,0.0
60,2,0.2004052698612213,0.1573222279548645,0.1132725402712822,0.0
60,3,0.28351646661758423,0.9653139114379883,-0.06300365924835205,0.0
60,4,-1.4799158573150635,1.3785277605056763,0.3860650062561035,0.0
60,5,1.397474765777588,2.425870180130005,-1.0248148441314697,0.0
60,6,0.10724027454853058,0.6765493154525757,0.04289611056447029,0.24364469945430756
60,7,0.2908892333507538,0.5847392082214355,0.12466681748628616,-0.12182234972715378
61,0,0.00938352383673191,0.01551744993776083,0.03887460008263588,0.0
61,1,-0.013405034318566322,0.006567087490111589,0.040215104818344116,0.0
61,2,0.19169199466705322,0.1678294837474823,0.1132725402712822,0.0
61,3,0.24933363497257233,0.6075509190559387,0.10388901829719543,0.0
61,4,0.2520146369934082,0.9714624881744385,-0.09450548887252808,0.0
61,5,-1.4799158573150635,1.3785277605056763,0.3860650062561035,0.0
61,6,1.397474765777588,2.425870180130005,-1.0248148441314697,0.0
62,0,0.00938352383673191,0.01551744993776083,0.03887460008263588,0.0
62,1,-0.013405034318566322,0.006567087490111589,0.040215104818344116,0.0
62,2,0.19169199466705322,0.16160713136196136,0.12198581546545029,0.0
62,3,0.21448054909706116,0.6391376852989197,0.12868833541870117,0.0
62,4,0.31501829624176025,0.9570544362068176,-0.031501829624176025,0.0
62,5,-1.4799158573150635,1.3785277605056763,0.3860650062561035,0.0
62,6,1.397474765777588,2.425870180130005,-1.0248148441314697,0.0
62,7,0.41019406914711,0.6470009088516235,0.09651625156402588,0.12182234972715378
63,0,0.00938352383673191,0.01551744993776083,0.03887460008263588,0.0
63,1,-0.014745538122951984,0.010555134154856205,0.03887460008263588,0.0
63,2,0.19169199466705322,0.16160713136196136,0.12198581546545029,0.0
63,3,0.30831578373908997,0.9351680874824524,-0.06166315823793411,0.0
63,4,-1.4799158573150635,1.3785277605056763,0.3860650062561035,0.0
63,5,1.397474765777588,2.425870180130005,-1.0248148441314697,0.0
63,6,0.228555828332901,0.6188158392906189,0.08311121165752411,0.12182234972715378
64,0,0.00938352383673191,0.01551744993776083,0.03887460008263588,0.0
64,1,-0.014745538122951984,0.010555134154856205,0.03887460008263588,0.0
64,2,0.2004052698612213,0.15066656470298767,0.12198581546545029,0.0
64,3,0.6012158393859863,0.42952099442481995,-0.39209726452827454,0.0
64,4,0.33177462220191956,0.8937122821807861,-0.15080663561820984,0.0
64,5,-1.4799158573150635,1.3785277605056763,0.3860650062561035,0.0
64,6,1.397474765777588,2.425870180130005,-1.0248148441314697,0.0
64,7,0.32172083854675293,0.6062633395195007,0.0,0.24364469945430756
64,8,0.34316888451576233,0.5751119256019592,-0.15013638138771057,0.6091117262840271
65,0,0.00938352383673191,0.01551744993776083,0.03887460008263588,0.0
65,1,-0.013405034318566322,0.01221256610006094,0.03887460008263588,0.0
65,2,0.2004052698612213,0.1573222279548645,0.1132725402712822,0.0
65,3,-1.4799158573150635,1.3785277605056763,0.3860650062561035,0.0
65,4,1.397474765777588,2.425870180130005,-1.0248148441314697,0.0
65,5,0.3760112226009369,0.5992388725280762,0.022118307650089264,0.12182234972715378
66,0,0.00938352383673191,0.01551744993776083,0.03887460008263588,0.0
66,1,-0.013405034318566322,0.01221256610006094,0.03887460008263588,0.0
66,2,0.2004052698612213,0.1573222279548645,0.1132725402712822,0.0
66,3,0.6782947778701782,0.6393512487411499,-0.1474553793668747,0.0
66,4,0.6782947778701782,0.6454436779022217,-0.11796430498361588,0.0
66,5,-1.4799158573150635,1.3785277605056763,0.3860650062561035,0.0
66,6,1.397474765777588,2.425870180130005,-1.0248148441314697,0.0
66,7,0.26541969180107117,0.6557621359825134,-0.022118307650089264,-0.12182234972715378
67,0,0.00938352383673191,0.01551744993776083,0.03887460008263588,0.0
67,1,-0.014745538122951984,0.010555134154856205,0.03887460008263588,0.0
67,2,0.19169199466705322,0.16160713136196136,0.12198581546545029,0.0
67,3,0.15013638138771057,0.6693717837333679,-0.021448055282235146,0.0
67,4,0.6628789305686951,0.6386268138885498,-0.0576416477560997,0.0
67,5,-1.4799158573150635,1.3785277605056763,0.3860650062561035,0.0
67,6,1.397474765777588,2.425870180130005,-1.0248148441314697,0.0
67,7,0.02345881052315235,0.7488469481468201,-0.0469176210463047,0.36546704173088074
67,8,0.4504091739654541,0.5107159614562988,0.08579222112894058,-0.36546704173088074
67,9,0.47118696570396423,0.6263974905014038,0.12399657070636749,-0.24364469945430756
68,0,0.00938352383673191,0.01551744993776083,0.03887460008263588,0.0
68,1,-0.014745538122951984,0.010555134154856205,0.03887460008263588,0.0
68,2,-0.013405034318566322,0.006567087490111589,0.040215104818344116,0.0
68,3,0.2004052698612213,0.15066656470298767,0.12198581546545029,0.0
68,4,0.33244484663009644,0.5663618445396423,0.10388901829719543,0.0
68,5,0.33177462220191956,0.8982811570167542,-0.12064531445503235,0.0
68,6,-1.4799158573150635,1.3785277605056763,0.3860650062561035,0.0
68,7,1.397474765777588,2.425870180130005,-1.0248148441314697,0.0
69,0,0.00938352383673191,0.01551744993776083,0.03887460008263588,0.0
69,1,-0.013405034318566322,0.01221256610006094,0.03887460008263588,0.0
69,2,0.19169199466705322,0.1678294837474823,0.1132725402712822,0.0
69,3,0.2908892333507538,0.5847392082214355,0.12466681748628616,0.0
69,4,-1.4799158573150635,1.3785277605056763,0.3860650062561035,0.0
69,5,1.397474765777588,2.425870180130005,-1.0248148441314697,0.0
69,6,-0.021448055282235146,0.6829782724380493,-0.06434416770935059,-0.4872893989086151
70,0,0.00938352383673191,0.01551744993776083,0.03887460008263588,0.0
70,1,-0.013405034318566322,0.01221256610006094,0.03887460008263588,0.0
70,2,0.19169199466705322,0.16160713136196136,0.12198581546545029,0.0
70,3,0.28351646661758423,0.9627404808998108,-0.09450548887252808,0.0
70,4,-1.4799158573150635,1.3785277605056763,0.3860650062561035,0.0
70,5,1.397474765777588,2.425870180130005,-1.0248148441314697,0.0
70,6,0.3116670548915863,0.563304603099823,0.16622242331504822,0.12182234972715378
70,7,1.0321877002716064,2.624033212661743,-1.0321877002716064,-0.36546704173088074
71,0,0.00938352383673191,0.01551744993776083,0.03887460008263588,0.0
71,1,-0.013405034318566322,0.006567087490111589,0.040215104818344116,0.0
71,2,0.19169199466705322,0.1678294837474823,0.1132725402712822,0.0
71,3,-1.4799158573150635,1.3785277605056763,0.3860650062561035,0.0
71,4,1.397474765777588,2.425870180130005,-1.0248148441314697,0.0
71,5,0.34316888451576233,0.5908929705619812,0.06434416770935059,0.24364469945430756
71,6,0.36461693048477173,0.5973037481307983,-0.2050970196723938,0.6091117262840271
72,0,0.00938352383673191,0.01551744993776083,0.03887460008263588,0.0
72,1,-0.013405034318566322,0.006567087490111589,0.040215104818344116,0.0
72,2,0.2004052698612213,0.15066656470298767,0.12198581546545029,0.0
72,3,0.6474632024765015,0.5945038199424744,-0.19705401360988617,0.0
72,4,0.31501829624176025,0.9528977870941162,-0.09450548887252808,0.0
72,5,-1.4799158573150635,1.3785277605056763,0.3860650062561035,0.0
72,6,1.397474765777588,2.425870180130005,-1.0248148441314697,0.0
72,7,0.3760112226009369,0.5959643125534058,-0.06635492295026779,0.24364469945430756
73,0,0.00938352383673191,0.01551744993776083,0.03887460008263588,0.0
73,1,-0.013405034318566322,0.006567087490111589,0.040215104818344116,0.0
73,2,0.19169199466705322,0.16160713136196136,0.12198581546545029,0.0
73,3,-1.4799158573150635,1.3785277605056763,0.3860650062561035,0.0
73,4,0.3760112226009369,0.5959643125534058,-0.06635492295026779,-0.12182234972715378
74,0,0.00938352383673191,0.01551744993776083,0.03887460008263588,0.0
74,1,-0.013405034318566322,0.006567087490111589,0.040215104818344116,0.0
74,2,0.2004052698612213,0.1573222279548645,0.1132725402712822,0.0
74,3,0.6052373051643372,0.6862745881080627,-0.1152832955121994,0.0
74,4,-1.4799158573150635,1.3785277605056763,0.3860650062561035,0.0
74,5,1.4906398057937622,2.369762897491455,-1.0248148441314697,0.0
74,6,0.36461693048477173,0.5810800194740295,-0.021448055282235146,-0.24364469945430756
75,0,0.00938352383673191,0.01551744993776083,0.03887460008263588,0.0
75,1,-0.013405034318566322,0.01221256610006094,0.03887460008263588,0.0
75,2,0.2004052698612213,0.1573222279548645,0.1132725402712822,0.0
75,3,-1.4799158573150635,1.3785277605056763,0.3860650062561035,0.0
75,4,1.4906398057937622,2.369762897491455,-1.0248148441314697,0.0
75,5,0.35322263836860657,0.5617697238922119,0.041555605828762054,-0.12182234972715378
76,0,0.00938352383673191,0.01551744993776083,0.03887460008263588,0.0
76,1,-0.013405034318566322,0.006567087490111589,0.040215104818344116,0.0
76,2,0.2004052698612213,0.1573222279548645,0.1132725402712822,0.0
76,3,0.3116670548915863,0.5814073085784912,0.08311121165752411,0.0
76,4,-1.4799158573150635,1.3785277605056763,0.3860650062561035,0.0
76,5,1.4906398057937622,2.369762897491455,-1.0248148441314697,0.0
77,0,0.00938352383673191,0.01551744993776083,0.03887460008263588,0.0
77,1,-0.014745538122951984,0.010555134154856205,0.03887460008263588,0.0
77,2,0.19169199466705322,0.16160713136196136,0.12198581546545029,0.0
77,3,0.33244484663009644,0.5663618445396423,0.10388901829719543,0.0
77,4,-1.4799158573150635,1.3785277605056763,0.3860650062561035,0.0
77,5,1.397474765777588,2.425870180130005,-1.0248148441314697,0.0
77,6,0.08043020963668823,0.635538637638092,-0.060322657227516174,-0.24364469945430756
78,0,0.00938352383673191,0.01551744993776083,0.03887460008263588,0.0
78,1,-0.013405034318566322,0.01221256610006094,0.03887460008263588,0.0
78,2,0.2004052698612213,0.15066656470298767,0.12198581546545029,0.0
78,3,0.2908892333507538,0.5964351296424866,0.041555605828762054,0.0
78,4,-1.4799158573150635,1.3785277605056763,0.3860650062561035,0.0
78,5,1.397474765777588,2.425870180130005,-1.0248148441314697,0.0
79,0,0.00938352383673191,0.01551744993776083,0.03887460008263588,0.0
79,1,-0.013405034318566322,0.01221256610006094,0.03887460008263588,0.0
79,2,0.19169199466705322,0.16160713136196136,0.12198581546545029,0.0
79,3,0.3465201258659363,0.9418994784355164,-0.09450548887252808,0.0
79,4,-1.4799158573150635,1.3785277605056763,0.3860650062561035,0.0
79,5,1.397474765777588,2.425870180130005,-1.0248148441314697,0.0
79,6,0.32172083854675293,0.6047438979148865,-0.04289611056447029,0.12182234972715378
80,0,0.00938352383673191,0.01551744993776083,0.03887460008263588,0.0
80,1,-0.013405034318566322,0.01221256610006094,0.03887460008263588,0.0
80,2,0.2004052698612213,0.1573222279548645,0.1132725402712822,0.0
80,3,0.6782947778701782,0.6318252086639404,-0.1769464612007141,0.0
80,4,0.28351646661758423,0.9653139114379883,-0.06300365924835205,0.0
80,5,-1.4799158573150635,1.3785277605056763,0.3860650062561035,0.0
80,6,1.397474765777588,2.425870180130005,-1.0248148441314697,0.0
80,7,0.36461693048477173,0.5751119256019592,-0.08579222112894058,0.12182234972715378
81,0,0.00938352383673191,0.01551744993776083,0.03887460008263588,0.0
81,1,-0.014745538122951984,0.010555134154856205,0.03887460008263588,0.0
81,2,0.2004052698612213,0.1573222279548645,0.1132725402712822,0.0
81,3,0.6340581178665161,0.6386268138885498,-0.20174576342105865,0.0
81,4,0.31501829624176025,0.9528977870941162,-0.09450548887252808,0.0
81,5,-1.4799158573150635,1.3785277605056763,0.3860650062561035,0.0
81,6,1.397474765777588,2.425870180130005,-1.0248148441314697,0.0
81,7,0.25737667083740234,0.6126790046691895,-0.17158444225788116,-0.36546704173088074
81,8,0.4202478528022766,0.5677989721298218,-0.04423661530017853,-0.12182234972715378
82,0,0.00938352383673191,0.01551744993776083,0.03887460008263588,0.0
82,1,-0.013405034318566322,0.006567087490111589,0.040215104818344116,0.0
82,2,0.19169199466705322,0.16160713136196136,0.12198581546545029,0.0
82,3,0.11662380397319794,0.6031829714775085,-0.09718649834394455,0.0
82,4,0.6340581178665161,0.6540486216545105,-0.14410412311553955,0.0
82,5,-1.4799158573150635,1.3785277605056763,0.3860650062561035,0.0
82,6,1.397474765777588,2.425870180130005,-1.0248148441314697,0.0
82,7,0.45577114820480347,0.5577380657196045,-0.11394278705120087,-0.4872893989086151
82,8,0.4289610981941223,0.5353427529335022,-0.021448055282235146,-0.24364469945430756
83,0,0.00938352383673191,0.01551744993776083,0.03887460008263588,0.0
83,1,-0.013405034318566322,0.01221256610006094,0.03887460008263588,0.0
83,2,0.2004052698612213,0.1573222279548645,0.1132725402712822,0.0
83,3,0.2158210575580597,0.9502931237220764,-0.15415789186954498,0.0
83,4,-1.4799158573150635,1.3785277605056763,0.3860650062561035,0.0
83,5,1.397474765777588,2.425870180130005,-1.0248148441314697,0.0
83,6,0.13606110215187073,0.6069294810295105,0.0,0.12182234972715378
83,7,0.4075130522251129,0.5518447160720825,0.021448055282235146,-0.24364469945430756
84,0,0.00938352383673191,0.01551744993776083,0.03887460008263588,0.0
84,1,-0.013405034318566322,0.01221256610006094,0.03887460008263588,0.0
84,2,0.2004052698612213,0.1573222279548645,0.1132725402712822,0.0
84,3,0.3116670548915863,0.5869499444961548,0.020777802914381027,0.0
84,4,0.30831578373908997,0.9290491938591003,-0.12332631647586823,0.0
84,5,-1.4799158573150635,1.3785277605056763,0.3860650062561035,0.0
84,6,1.397474765777588,2.425870180130005,-1.0248148441314697,0.0
85,0,0.00938352383673191,0.01551744993776083,0.03887460008263588,0.0
85,1,-0.014745538122951984,0.010555134154856205,0.03887460008263588,0.0
85,2,0.19169199466705322,0.1678294837474823,0.1132725402712822,0.0
85,3,0.27011144161224365,0.6071954965591431,0.020777802914381027,0.0
85,4,-1.4799158573150635,1.3785277605056763,0.3860650062561035,0.0
85,5,1.397474765777588,2.425870180130005,-1.0248148441314697,0.0
86,0,0.00938352383673191,0.01551744993776083,0.03887460008263588,0.0
86,1,-0.014745538122951984,0.010555134154856205,0.03887460008263588,0.0
86,2,0.2004052698612213,0.15066656470298767,0.12198581546545029,0.0
86,3,0.2412906289100647,0.5961474180221558,-0.020107552409172058,0.0
86,4,0.6434416770935059,0.4003596901893616,-0.4021510183811188,0.0
86,5,-1.4799158573150635,1.3785277605056763,0.3860650062561035,0.0
86,6,0.4423661530017853,0.5363404750823975,0.13270984590053558,0.12182234972715378
86,7,0.25268489122390747,0.5518276691436768,-0.13606110215187073,0.36546704173088074
86,8,0.2815057337284088,0.5495655536651611,-0.18096797168254852,0.6091117262840271
86,9,0.8525601625442505,2.1075851917266846,0.0,0.7309340834617615
86,10,-1.9893070459365845,1.0914398431777954,-0.14209336042404175,0.7309340834617615
87,0,0.00938352383673191,0.01551744993776083,0.03887460008263588,0.0
87,1,-0.013405034318566322,0.006567087490111589,0.040215104818344116,0.0
87,2,0.2004052698612213,0.1573222279548645,0.1132725402712822,0.0
87,3,0.6340581178665161,0.6386268138885498,-0.20174576342105865,0.0
87,4,0.28351646661758423,0.9627404808998108,-0.09450548887252808,0.0
87,5,-1.4799158573150635,1.3785277605056763,0.3860650062561035,0.0
87,6,1.397474765777588,2.384368658065796,-1.117979884147644,0.0
87,7,0.35322263836860657,0.553641676902771,-0.10388901829719543,0.36546704173088074
88,0,0.00938352383673191,0.01551744993776083,0.03887460008263588,0.0
88,1,-0.014745538122951984,0.010555134154856205,0.03887460008263588,0.0
88,2,0.19169199466705322,0.1678294837474823,0.1132725402712822,0.0
88,3,0.4202478528022766,0.5480700731277466,-0.15482816100120544,0.0
88,4,0.5764164924621582,0.7053745985031128,-0.14410412311553955,0.0
88,5,-1.4799158573150635,1.3785277605056763,0.3860650062561035,0.0
88,6,1.4906398057937622,2.327260732650757,-1.117979884147644,0.0
88,7,0.4584521949291229,0.6170626878738403,0.07238718867301941,0.24364469945430756
89,0,0.00938352383673191,0.01551744993776083,0.03887460008263588,0.0
89,1,-0.013405034318566322,0.006567087490111589,0.040215104818344116,0.0
89,2,0.19169199466705322,0.1678294837474823,0.1132725402712822,0.0
89,3,0.670251727104187,0.40659481287002563,-0.3485308885574341,0.0
89,4,0.2158210575580597,0.9582621455192566,-0.09249474108219147,0.0
89,5,-1.4799158573150635,1.3785277605056763,0.3860650062561035,0.0
89,6,0.32172083854675293,0.574711799621582,-0.19303250312805176,-0.8527564406394958
90,0,0.00938352383673191,0.01551744993776083,0.03887460008263588,0.0
90,1,-0.014745538122951984,0.010555134154856205,0.03887460008263588,0.0
90,2,0.2004052698612213,0.15066656470298767,0.12198581546545029,0.0
90,3,0.6434416770935059,0.447816401720047,-0.3485308885574341,0.0
90,4,0.619312584400177,0.6966388821601868,-0.1474553793668747,0.0
90,5,-1.4799158573150635,1.3785277605056763,0.3860650062561035,0.0
90,6,1.397474765777588,2.425870180130005,-1.0248148441314697,0.0
90,7,0.5093913078308105,0.6280198097229004,0.10187826305627823,-0.36546704173088074
90,8,0.1943729966878891,0.5792185068130493,-0.11662380397319794,-0.24364469945430756
91,0,0.00938352383673191,0.01551744993776083,0.03887460008263588,0.0
91,1,-0.013405034318566322,0.01221256610006094,0.03887460008263588,0.0
91,2,0.2004052698612213,0.1573222279548645,0.1132725402712822,0.0
91,3,0.6045670509338379,0.5995498299598694,-0.2198425680398941,0.0
91,4,0.24665263295173645,0.9507931470870972,-0.09249474108219147,0.0
91,5,-1.4799158573150635,1.3785277605056763,0.3860650062561035,0.0
91,6,1.397474765777588,2.425870180130005,-1.0248148441314697,0.0
91,7,0.09718649834394455,0.6140464544296265,-0.01943730004131794,0.24364469945430756
91,8,0.4075130522251129,0.5518447160720825,0.021448055282235146,-0.36546704173088074
91,9,0.36461693048477173,0.5779047012329102,0.06434416770935059,-0.12182234972715378
92,0,0.00938352383673191,0.01551744993776083,0.03887460008263588,0.0
92,1,-0.014745538122951984,0.010555134154856205,0.03887460008263588,0.0
92,2,0.2004052698612213,0.1573222279548645,0.1132725402712822,0.0
92,3,0.2412906289100647,0.593428373336792,0.060322657227516174,0.0
92,4,0.5630114674568176,0.7026373744010925,-0.02815057337284088,0.0
92,5,-1.4799158573150635,1.3785277605056763,0.3860650062561035,0.0
92,6,1.397474765777588,2.425870180130005,-1.0248148441314697,0.0
93,0,0.00938352383673191,0.01551744993776083,0.03887460008263588,0.0
93,1,-0.014745538122951984,0.010555134154856205,0.03887460008263588,0.0
93,2,0.2004052698612213,0.1573222279548645,0.1132725402712822,0.0
93,3,0.30831578373908997,0.9290491938591003,-0.12332631647586823,0.0
93,4,-1.4799158573150635,1.3785277605056763,0.3860650062561035,0.0
93,5,1.4906398057937622,2.327260732650757,-1.117979884147644,0.0
93,6,0.27011144161224365,0.5986026525497437,0.10388901829719543,0.12182234972715378
93,7,0.844517171382904,2.7549872398376465,-0.844517171382904,-0.36546704173088074
94,0,0.00938352383673191,0.01551744993776083,0.03887460008263588,0.0
94,1,-0.014745538122951984,0.010555134154856205,0.03887460008263588,0.0
94,2,0.19169199466705322,0.16160713136196136,0.12198581546545029,0.0
94,3,0.5764164924621582,0.7106539607048035,-0.1152832955121994,0.0
94,4,-1.4799158573150635,1.3785277605056763,0.3860650062561035,0.0
94,5,1.4906398057937622,2.327260732650757,-1.117979884147644,0.0
94,6,0.2412906289100647,0.5879525542259216,-0.10053776204586029,0.36546704173088074
94,7,0.7815134525299072,2.1349499225616455,0.0,0.7309340834617615
94,8,-2.0603537559509277,0.9584721922874451,-0.07104668021202087,0.7309340834617615
95,0,0.00938352383673191,0.01551744993776083,0.03887460008263588,0.0
95,1,-0.014745538122951984,0.010555134154856205,0.03887460008263588,0.0
95,2,0.2004052698612213,0.1573222279548645,0.1132725402712822,0.0
95,3,0.691699743270874,0.564770519733429,-0.2305665910243988,0.0
95,4,-1.4799158573150635,1.3785277605056763,0.3860650062561035,0.0
95,5,1.4906398057937622,2.369762897491455,-1.0248148441314697,0.0
95,6,0.3860650062561035,0.5658385753631592,-0.04289611056447029,0.36546704173088074
96,0,0.00938352383673191,0.01551744993776083,0.03887460008263588,0.0
96,1,-0.013405034318566322,0.006567087490111589,0.040215104818344116,0.0
96,2,0.19169199466705322,0.16160713136196136,0.12198581546545029,0.0
96,3,0.3760112226009369,0.5893605947494507,-0.11059153825044632,0.0
96,4,0.6970617771148682,0.35869431495666504,-0.3485308885574341,0.0
96,5,0.6782947778701782,0.6122506260871887,-0.23592860996723175,0.0
96,6,0.2520146369934082,0.9714624881744385,-0.09450548887252808,0.0
96,7,-1.4799158573150635,1.3785277605056763,0.3860650062561035,0.0
96,8,1.4906398057937622,2.369762897491455,-1.0248148441314697,0.0
96,9,0.39812952280044556,0.5578025579452515,-0.1769464612007141,-0.36546704173088074
96,10,0.36461693048477173,0.5617589354515076,-0.15013638138771057,-0.24364469945430756
97,0,0.00938352383673191,0.01551744993776083,0.03887460008263588,0.0
97,1,-0.013405034318566322,0.006567087490111589,0.040215104818344116,0.0
97,2,0.2004052698612213,0.1573222279548645,0.1132725402712822,0.0
97,3,0.6434416770935059,0.447816401720047,-0.3485308885574341,0.0
97,4,0.3016132712364197,0.9043370485305786,-0.15080663561820984,0.0
97,5,-1.4799158573150635,1.3785277605056763,0.3860650062561035,0.0
97,6,1.4906398057937622,2.369762897491455,-1.0248148441314697,0.0
97,7,0.22118307650089264,0.6631805300712585,-0.11059153825044632,-0.24364469945430756
98,0,0.00938352383673191,0.01551744993776083,0.03887460008263588,0.0
98,1,-0.014745538122951984,0.010555134154856205,0.03887460008263588,0.0
98,2,0.2004052698612213,0.1573222279548645,0.1132725402712822,0.0
98,3,0.16622242331504822,0.6437766551971436,0.0,0.0
98,4,0.619312584400177,0.6966388821601868,-0.1474553793668747,0.0
98,5,-1.4799158573150635,1.3785277605056763,0.3860650062561035,0.0
98,6,1.397474765777588,2.425870180130005,-1.0248148441314697,0.0
98,7,0.3860650062561035,0.5658385753631592,0.04289611056447029,-0.36546704173088074
99,0,0.00938352383673191,0.01551744993776083,0.03887460008263588,0.0
99,1,-0.013405034318566322,0.006567087490111589,0.040215104818344116,0.0
99,2,0.19169199466705322,0.16160713136196136,0.12198581546545029,0.0
99,3,0.31501829624176025,0.9528977870941162,-0.09450548887252808,0.0
99,4,-1.4799158573150635,1.3785277605056763,0.3860650062561035,0.0
99,5,1.397474765777588,2.425870180130005,-1.0248148441314697,0.0
99,6,0.18700022995471954,0.6349990367889404,0.06233340874314308,0.12182234972715378
99,7,0.3740004599094391,0.5461835861206055,0.06233340874314308,-0.12182234972715378
100,0,0.00938352383673191,0.01551744993776083,0.03887460008263588,0.0
100,1,-0.013405034318566322,0.006567087490111589,0.040215104818344116,0.0
100,2,0.2004052698612213,0.1573222279548645,0.1132725402712822,0.0
100,3,0.3740004599094391,0.5398231148719788,0.10388901829719543,0.0
100,4,-1.4799158573150635,1.3785277605056763,0.3860650062561035,0.0
100,5,1.397474765777588,2.425870180130005,-1.0248148441314697,0.0
100,6,0.04423661530017853,0.7032787203788757,-0.06635492295026779,-0.24364469945430756
101,0,0.00938352383673191,0.01551744993776083,0.03887460008263588,0.0
101,1,-0.013405034318566322,0.01221256610006094,0.03887460008263588,0.0
101,2,0.2004052698612213,0.1573222279548645,0.1132725402712822,0.0
101,3,-1.4799158573150635,1.3785277605056763,0.3860650062561035,0.0
101,4,1.4906398057937622,2.327260732650757,-1.117979884147644,0.0
101,5,0.33244484663009644,0.5663618445396423,0.10388901829719543,0.12182234972715378
101,6,0.1407528668642044,0.6197564005851746,-0.10053776204586029,-0.12182234972715378
102,0,0.00938352383673191,0.01551744993776083,0.03887460008263588,0.0
102,1,-0.013405034318566322,0.01221256610006094,0.03887460008263588,0.0
102,2,0.2004052698612213,0.1573222279548645,0.1132725402712822,0.0
102,3,0.5911620259284973,0.6583864688873291,-0.1689034402370453,0.0
102,4,-1.4799158573150635,1.3785277605056763,0.3860650062561035,0.0
102,5,1.4906398057937622,2.369762897491455,-1.0248148441314697,0.0
102,6,0.27882471680641174,0.6267824769020081,0.021448055282235146,0.12182234972715378
102,7,0.36461693048477173,0.604648768901825,-0.18230846524238586,0.6091117262840271
