host_timestamp_ms,radar_frame_num,packet_len_bytes,bin_offset_end
1767976385550,1,1280,1280
1767976385615,2,1312,2592
1767976385746,3,1312,3904
1767976385877,4,1312,5216
1767976385941,5,1312,6528
1767976386071,6,1280,7808
1767976386135,7,1280,9088
1767976386266,8,1280,10368
1767976386332,9,1312,11680
1767976386463,10,1312,12992
1767976386527,11,1280,14272
1767976386723,12,1280,16819
1767976386854,14,1312,18131
1767976386918,15,1312,19443
1767976387049,16,1312,20755
1767976387115,17,1312,22067
1767976387246,18,1312,23379
1767976387361,19,1280,24659
1767976387426,20,1312,25971
1767976387558,21,1280,27251
1767976387622,22,1280,28531
1767976387752,23,1280,29811
1767976387817,24,1280,31091
1767976387949,25,1312,32403
1767976388014,26,1312,33715
1767976388145,27,1312,35027
1767976388276,28,1312,36339
1767976388341,29,1312,37651
1767976388471,30,1312,38963
1767976388536,31,1312,40275
1767976388667,32,1312,41587
1767976388732,33,1312,42899
1767976388863,34,1312,44211
1767976388927,35,1312,45523
1767976389059,36,1344,46867
1767976389124,37,1312,48179
1767976389240,38,1312,49491
1767976389371,39,1312,50803
1767976389436,40,1312,52115
1767976389566,41,1312,53427
1767976389632,42,1312,54739
1767976389749,43,1312,56051
1767976389814,44,1312,57363
1767976389943,45,1312,58675
1767976390073,46,1312,59987
1767976390138,47,1312,61299
1767976390269,48,1312,62611
1767976390334,49,1312,63923
1767976390465,50,1312,65235
1767976390530,51,1312,66547
1767976390660,52,1312,67859
1767976390725,53,1312,69171
1767976390857,54,1312,70483
1767976390922,55,1312,71795
1767976391050,56,1312,73107
1767976391115,57,1312,74419
1767976391246,58,1312,75731
1767976391377,59,1312,77043
1767976391442,60,1312,78355
1767976391572,61,1312,79667
1767976391637,62,1312,80979
1767976391767,63,1312,82291
1767976391833,64,1312,83603
1767976391965,65,1312,84915
1767976392030,66,1312,86227
1767976392160,67,1312,87539
1767976392225,68,1312,88851
1767976392356,69,1312,90163
1767976392422,70,1312,91475
1767976392552,71,1312,92787
1767976392617,72,1312,94099
1767976392747,73,1312,95411
1767976392878,74,1312,96723
1767976392943,75,1280,98003
1767976393074,76,1280,99283
1767976393139,77,1312,100595
1767976393269,78,1312,101907
1767976393334,79,1312,103219
1767976393466,80,1248,104467
1767976393531,81,1280,105747
1767976393663,82,1280,107027
1767976393728,83,1248,108275
1767976393859,84,1312,109587
1767976393924,85,1280,110867
1767976394054,86,1280,112147
1767976394120,87,1312,113459
1767976394235,88,1248,114707
1767976394365,89,1248,115955
1767976394429,90,1248,117203
1767976394560,91,1248,118451
1767976394626,92,1248,119699
1767976394758,93,1248,120947
1767976394824,94,1248,122195
1767976394954,95,1248,123443
1767976395019,96,1248,124691
1767976395150,97,1248,125939
1767976395216,98,1248,127187
1767976395346,99,1248,128435
1767976395476,100,1280,129715
