timestamp_ms,frame_id,rgb_filename
1767888165383,1,frame_000001.jpg
1767888165532,2,frame_000002.jpg
1767888165574,3,frame_000003.jpg
1767888165674,4,frame_000004.jpg
1767888165773,5,frame_000005.jpg
1767888165863,6,frame_000006.jpg
1767888165974,7,frame_000007.jpg
1767888166070,8,frame_000008.jpg
1767888166175,9,frame_000009.jpg
1767888166275,10,frame_000010.jpg
1767888166375,11,frame_000011.jpg
1767888166476,12,frame_000012.jpg
1767888166576,13,frame_000013.jpg
1767888166674,14,frame_000014.jpg
1767888166766,15,frame_000015.jpg
1767888166861,16,frame_000016.jpg
1767888166973,17,frame_000017.jpg
1767888167068,18,frame_000018.jpg
1767888167176,19,frame_000019.jpg
1767888167275,20,frame_000020.jpg
1767888167376,21,frame_000021.jpg
1767888167476,22,frame_000022.jpg
1767888167576,23,frame_000023.jpg
1767888167676,24,frame_000024.jpg
1767888167775,25,frame_000025.jpg
1767888167876,26,frame_000026.jpg
1767888167975,27,frame_000027.jpg
1767888168067,28,frame_000028.jpg
1767888168176,29,frame_000029.jpg
1767888168276,30,frame_000030.jpg
1767888168376,31,frame_000031.jpg
1767888168477,32,frame_000032.jpg
1767888168576,33,frame_000033.jpg
1767888168672,34,frame_000034.jpg
1767888168777,35,frame_000035.jpg
1767888168877,36,frame_000036.jpg
1767888168976,37,frame_000037.jpg
1767888169077,38,frame_000038.jpg
1767888169177,39,frame_000039.jpg
1767888169278,40,frame_000040.jpg
1767888169378,41,frame_000041.jpg
1767888169476,42,frame_000042.jpg
1767888169578,43,frame_000043.jpg
1767888169677,44,frame_000044.jpg
1767888169777,45,frame_000045.jpg
1767888169878,46,frame_000046.jpg
1767888169977,47,frame_000047.jpg
1767888170070,48,frame_000048.jpg
1767888170178,49,frame_000049.jpg
1767888170277,50,frame_000050.jpg
1767888170378,51,frame_000051.jpg
1767888170474,52,frame_000052.jpg
1767888170577,53,frame_000053.jpg
1767888170678,54,frame_000054.jpg
1767888170777,55,frame_000055.jpg
1767888170877,56,frame_000056.jpg
1767888170978,57,frame_000057.jpg
1767888171070,58,frame_000058.jpg
1767888171179,59,frame_000059.jpg
1767888171278,60,frame_000060.jpg
1767888171378,61,frame_000061.jpg
1767888171468,62,frame_000062.jpg
1767888171578,63,frame_000063.jpg
1767888171678,64,frame_000064.jpg
1767888171778,65,frame_000065.jpg
1767888171878,66,frame_000066.jpg
1767888171978,67,frame_000067.jpg
1767888172078,68,frame_000068.jpg
1767888172178,69,frame_000069.jpg
1767888172279,70,frame_000070.jpg
1767888172368,71,frame_000071.jpg
1767888172480,72,frame_000072.jpg
1767888172580,73,frame_000073.jpg
1767888172679,74,frame_000074.jpg
1767888172779,75,frame_000075.jpg
1767888172879,76,frame_000076.jpg
1767888172969,77,frame_000077.jpg
1767888173079,78,frame_000078.jpg
1767888173179,79,frame_000079.jpg
1767888173280,80,frame_000080.jpg
1767888173378,81,frame_000081.jpg
1767888173480,82,frame_000082.jpg
1767888173580,83,frame_000083.jpg
1767888173679,84,frame_000084.jpg
1767888173780,85,frame_000085.jpg
1767888173881,86,frame_000086.jpg
1767888173980,87,frame_000087.jpg
1767888174080,88,frame_000088.jpg
1767888174181,89,frame_000089.jpg
1767888174281,90,frame_000090.jpg
1767888174381,91,frame_000091.jpg
1767888174481,92,frame_000092.jpg
1767888174581,93,frame_000093.jpg
1767888174680,94,frame_000094.jpg
1767888174781,95,frame_000095.jpg
1767888174879,96,frame_000096.jpg
1767888174974,97,frame_000097.jpg
1767888175069,98,frame_000098.jpg
1767888175182,99,frame_000099.jpg
1767888175274,100,frame_000100.jpg
1767888175369,101,frame_000101.jpg
1767888175481,102,frame_000102.jpg
1767888175576,103,frame_000103.jpg
1767888175682,104,frame_000104.jpg
1767888175782,105,frame_000105.jpg
1767888175883,106,frame_000106.jpg
1767888175982,107,frame_000107.jpg
1767888176082,108,frame_000108.jpg
1767888176181,109,frame_000109.jpg
1767888176283,110,frame_000110.jpg
1767888176381,111,frame_000111.jpg
1767888176475,112,frame_000112.jpg
1767888176582,113,frame_000113.jpg
1767888176675,114,frame_000114.jpg
1767888176783,115,frame_000115.jpg
1767888176882,116,frame_000116.jpg
1767888176983,117,frame_000117.jpg
1767888177083,118,frame_000118.jpg
1767888177183,119,frame_000119.jpg
1767888177279,120,frame_000120.jpg
1767888177383,121,frame_000121.jpg
1767888177482,122,frame_000122.jpg
1767888177582,123,frame_000123.jpg
1767888177674,124,frame_000124.jpg
1767888177783,125,frame_000125.jpg
1767888177879,126,frame_000126.jpg
1767888177983,127,frame_000127.jpg
1767888178069,128,frame_000128.jpg
1767888178183,129,frame_000129.jpg
1767888178283,130,frame_000130.jpg
1767888178384,131,frame_000131.jpg
1767888178484,132,frame_000132.jpg
1767888178579,133,frame_000133.jpg
1767888178674,134,frame_000134.jpg
1767888178782,135,frame_000135.jpg
1767888178884,136,frame_000136.jpg
1767888178983,137,frame_000137.jpg
1767888179084,138,frame_000138.jpg
1767888179185,139,frame_000139.jpg
1767888179277,140,frame_000140.jpg
1767888179385,141,frame_000141.jpg
1767888179483,142,frame_000142.jpg
1767888179578,143,frame_000143.jpg
1767888179673,144,frame_000144.jpg
1767888179784,145,frame_000145.jpg
1767888179885,146,frame_000146.jpg
1767888179984,147,frame_000147.jpg
1767888180084,148,frame_000148.jpg
1767888180185,149,frame_000149.jpg
1767888180285,150,frame_000150.jpg
1767888180385,151,frame_000151.jpg
1767888180485,152,frame_000152.jpg
1767888180577,153,frame_000153.jpg
1767888180685,154,frame_000154.jpg
1767888180782,155,frame_000155.jpg
1767888180885,156,frame_000156.jpg
1767888180985,157,frame_000157.jpg
1767888181085,158,frame_000158.jpg
1767888181179,159,frame_000159.jpg
1767888181273,160,frame_000160.jpg
1767888181386,161,frame_000161.jpg
1767888181479,162,frame_000162.jpg
1767888181586,163,frame_000163.jpg
1767888181685,164,frame_000164.jpg
1767888181781,165,frame_000165.jpg
1767888181886,166,frame_000166.jpg
1767888181987,167,frame_000167.jpg
1767888182082,168,frame_000168.jpg
1767888182187,169,frame_000169.jpg
1767888182272,170,frame_000170.jpg
1767888182387,171,frame_000171.jpg
1767888182479,172,frame_000172.jpg
1767888182587,173,frame_000173.jpg
1767888182687,174,frame_000174.jpg
1767888182781,175,frame_000175.jpg
1767888182886,176,frame_000176.jpg
1767888182987,177,frame_000177.jpg
1767888183087,178,frame_000178.jpg
1767888183177,179,frame_000179.jpg
1767888183273,180,frame_000180.jpg
1767888183387,181,frame_000181.jpg
1767888183488,182,frame_000182.jpg
1767888183587,183,frame_000183.jpg
1767888183689,184,frame_000184.jpg
1767888183788,185,frame_000185.jpg
1767888183888,186,frame_000186.jpg
1767888183987,187,frame_000187.jpg
1767888184089,188,frame_000188.jpg
1767888184188,189,frame_000189.jpg
1767888184278,190,frame_000190.jpg
1767888184373,191,frame_000191.jpg
1767888184485,192,frame_000192.jpg
1767888184589,193,frame_000193.jpg
1767888184676,194,frame_000194.jpg
1767888184787,195,frame_000195.jpg
1767888184881,196,frame_000196.jpg
1767888184989,197,frame_000197.jpg
1767888185086,198,frame_000198.jpg
1767888185181,199,frame_000199.jpg
1767888185276,200,frame_000200.jpg
1767888185389,201,frame_000201.jpg
1767888185489,202,frame_000202.jpg
1767888185589,203,frame_000203.jpg
1767888185688,204,frame_000204.jpg
1767888185789,205,frame_000205.jpg
1767888185878,206,frame_000206.jpg
1767888185989,207,frame_000207.jpg
1767888186090,208,frame_000208.jpg
1767888186189,209,frame_000209.jpg
1767888186290,210,frame_000210.jpg
1767888186390,211,frame_000211.jpg
1767888186488,212,frame_000212.jpg
1767888186590,213,frame_000213.jpg
1767888186689,214,frame_000214.jpg
1767888186790,215,frame_000215.jpg
1767888186880,216,frame_000216.jpg
1767888186989,217,frame_000217.jpg
1767888187090,218,frame_000218.jpg
1767888187191,219,frame_000219.jpg
1767888187279,220,frame_000220.jpg
1767888187391,221,frame_000221.jpg
1767888187486,222,frame_000222.jpg
1767888187590,223,frame_000223.jpg
1767888187678,224,frame_000224.jpg
1767888187790,225,frame_000225.jpg
1767888187882,226,frame_000226.jpg
1767888187984,227,frame_000227.jpg
1767888188088,228,frame_000228.jpg
1767888188191,229,frame_000229.jpg
1767888188291,230,frame_000230.jpg
1767888188391,231,frame_000231.jpg
1767888188490,232,frame_000232.jpg
1767888188580,233,frame_000233.jpg
1767888188690,234,frame_000234.jpg
1767888188791,235,frame_000235.jpg
1767888188892,236,frame_000236.jpg
1767888188992,237,frame_000237.jpg
1767888189091,238,frame_000238.jpg
1767888189192,239,frame_000239.jpg
1767888189292,240,frame_000240.jpg
1767888189392,241,frame_000241.jpg
1767888189492,242,frame_000242.jpg
1767888189578,243,frame_000243.jpg
1767888189688,244,frame_000244.jpg
1767888189792,245,frame_000245.jpg
1767888189892,246,frame_000246.jpg
1767888189992,247,frame_000247.jpg
1767888190084,248,frame_000248.jpg
1767888190193,249,frame_000249.jpg
1767888190290,250,frame_000250.jpg
1767888190385,251,frame_000251.jpg
1767888190480,252,frame_000252.jpg
1767888190593,253,frame_000253.jpg
1767888190686,254,frame_000254.jpg
1767888190793,255,frame_000255.jpg
1767888190892,256,frame_000256.jpg
1767888190993,257,frame_000257.jpg
1767888191082,258,frame_000258.jpg
1767888191193,259,frame_000259.jpg
1767888191288,260,frame_000260.jpg
1767888191383,261,frame_000261.jpg
1767888191493,262,frame_000262.jpg
1767888191589,263,frame_000263.jpg
1767888191684,264,frame_000264.jpg
1767888191779,265,frame_000265.jpg
1767888191893,266,frame_000266.jpg
1767888191994,267,frame_000267.jpg
1767888192081,268,frame_000268.jpg
1767888192194,269,frame_000269.jpg
1767888192286,270,frame_000270.jpg
1767888192394,271,frame_000271.jpg
1767888192492,272,frame_000272.jpg
1767888192595,273,frame_000273.jpg
1767888192695,274,frame_000274.jpg
1767888192793,275,frame_000275.jpg
1767888192888,276,frame_000276.jpg
1767888192987,277,frame_000277.jpg
1767888193094,278,frame_000278.jpg
1767888193194,279,frame_000279.jpg
1767888193295,280,frame_000280.jpg
1767888193395,281,frame_000281.jpg
1767888193495,282,frame_000282.jpg
1767888193587,283,frame_000283.jpg
1767888193695,284,frame_000284.jpg
1767888193796,285,frame_000285.jpg
1767888193888,286,frame_000286.jpg
1767888193983,287,frame_000287.jpg
1767888194094,288,frame_000288.jpg
1767888194194,289,frame_000289.jpg
1767888194295,290,frame_000290.jpg
1767888194395,291,frame_000291.jpg
1767888194495,292,frame_000292.jpg
1767888194587,293,frame_000293.jpg
1767888194696,294,frame_000294.jpg
1767888194796,295,frame_000295.jpg
1767888194888,296,frame_000296.jpg
1767888194984,297,frame_000297.jpg
1767888195096,298,frame_000298.jpg
1767888195188,299,frame_000299.jpg
1767888195284,300,frame_000300.jpg
1767888195393,301,frame_000301.jpg
1767888195495,302,frame_000302.jpg
1767888195596,303,frame_000303.jpg
1767888195696,304,frame_000304.jpg
1767888195796,305,frame_000305.jpg
1767888195884,306,frame_000306.jpg
1767888195995,307,frame_000307.jpg
1767888196097,308,frame_000308.jpg
1767888196197,309,frame_000309.jpg
1767888196297,310,frame_000310.jpg
1767888196392,311,frame_000311.jpg
1767888196487,312,frame_000312.jpg
1767888196597,313,frame_000313.jpg
1767888196697,314,frame_000314.jpg
1767888196789,315,frame_000315.jpg
1767888196885,316,frame_000316.jpg
1767888196994,317,frame_000317.jpg
1767888197088,318,frame_000318.jpg
1767888197185,319,frame_000319.jpg
1767888197294,320,frame_000320.jpg
1767888197390,321,frame_000321.jpg
1767888197486,322,frame_000322.jpg
1767888197598,323,frame_000323.jpg
1767888197698,324,frame_000324.jpg
1767888197799,325,frame_000325.jpg
1767888197899,326,frame_000326.jpg
1767888197990,327,frame_000327.jpg
1767888198086,328,frame_000328.jpg
1767888198198,329,frame_000329.jpg
1767888198298,330,frame_000330.jpg
1767888198387,331,frame_000331.jpg
1767888198497,332,frame_000332.jpg
1767888198592,333,frame_000333.jpg
1767888198687,334,frame_000334.jpg
1767888198799,335,frame_000335.jpg
1767888198899,336,frame_000336.jpg
1767888198991,337,frame_000337.jpg
1767888199088,338,frame_000338.jpg
1767888199200,339,frame_000339.jpg
1767888199300,340,frame_000340.jpg
1767888199399,341,frame_000341.jpg
1767888199499,342,frame_000342.jpg
1767888199599,343,frame_000343.jpg
1767888199699,344,frame_000344.jpg
1767888199799,345,frame_000345.jpg
1767888199901,346,frame_000346.jpg
1767888199999,347,frame_000347.jpg
1767888200101,348,frame_000348.jpg
1767888200199,349,frame_000349.jpg
1767888200291,350,frame_000350.jpg
1767888200389,351,frame_000351.jpg
1767888200498,352,frame_000352.jpg
1767888200600,353,frame_000353.jpg
1767888200701,354,frame_000354.jpg
1767888200800,355,frame_000355.jpg
1767888200895,356,frame_000356.jpg
1767888200989,357,frame_000357.jpg
1767888201101,358,frame_000358.jpg
1767888201197,359,frame_000359.jpg
1767888201292,360,frame_000360.jpg
1767888201390,361,frame_000361.jpg
1767888201498,362,frame_000362.jpg
1767888201593,363,frame_000363.jpg
1767888201690,364,frame_000364.jpg
1767888201801,365,frame_000365.jpg
1767888201895,366,frame_000366.jpg
1767888202000,367,frame_000367.jpg
1767888202102,368,frame_000368.jpg
1767888202201,369,frame_000369.jpg
1767888202302,370,frame_000370.jpg
1767888202401,371,frame_000371.jpg
1767888202500,372,frame_000372.jpg
1767888202591,373,frame_000373.jpg
1767888202691,374,frame_000374.jpg
1767888202796,375,frame_000375.jpg
1767888202903,376,frame_000376.jpg
1767888203000,377,frame_000377.jpg
1767888203102,378,frame_000378.jpg
1767888203191,379,frame_000379.jpg
1767888203302,380,frame_000380.jpg
1767888203403,381,frame_000381.jpg
1767888203502,382,frame_000382.jpg
1767888203604,383,frame_000383.jpg
1767888203703,384,frame_000384.jpg
1767888203792,385,frame_000385.jpg
1767888203900,386,frame_000386.jpg
1767888204003,387,frame_000387.jpg
1767888204103,388,frame_000388.jpg
1767888204204,389,frame_000389.jpg
1767888204298,390,frame_000390.jpg
1767888204403,391,frame_000391.jpg
1767888204503,392,frame_000392.jpg
1767888204603,393,frame_000393.jpg
1767888204704,394,frame_000394.jpg
1767888204803,395,frame_000395.jpg
1767888204903,396,frame_000396.jpg
1767888205005,397,frame_000397.jpg
1767888205101,398,frame_000398.jpg
1767888205203,399,frame_000399.jpg
1767888205304,400,frame_000400.jpg
1767888205404,401,frame_000401.jpg
1767888205504,402,frame_000402.jpg
1767888205603,403,frame_000403.jpg
1767888205704,404,frame_000404.jpg
1767888205806,405,frame_000405.jpg
1767888205904,406,frame_000406.jpg
1767888206006,407,frame_000407.jpg
1767888206105,408,frame_000408.jpg
1767888206204,409,frame_000409.jpg
1767888206305,410,frame_000410.jpg
1767888206404,411,frame_000411.jpg
1767888206505,412,frame_000412.jpg
1767888206605,413,frame_000413.jpg
1767888206704,414,frame_000414.jpg
1767888206804,415,frame_000415.jpg
1767888206905,416,frame_000416.jpg
1767888207003,417,frame_000417.jpg
1767888207104,418,frame_000418.jpg
1767888207201,419,frame_000419.jpg
1767888207305,420,frame_000420.jpg
1767888207406,421,frame_000421.jpg
1767888207506,422,frame_000422.jpg
1767888207606,423,frame_000423.jpg
1767888207706,424,frame_000424.jpg
1767888207800,425,frame_000425.jpg
1767888207974,426,frame_000426.jpg
1767888208007,427,frame_000427.jpg
1767888208106,428,frame_000428.jpg
1767888208206,429,frame_000429.jpg
1767888208306,430,frame_000430.jpg
1767888208407,431,frame_000431.jpg
1767888208506,432,frame_000432.jpg
1767888208607,433,frame_000433.jpg
1767888208708,434,frame_000434.jpg
1767888208806,435,frame_000435.jpg
1767888208906,436,frame_000436.jpg
1767888209007,437,frame_000437.jpg
1767888209108,438,frame_000438.jpg
1767888209207,439,frame_000439.jpg
1767888209306,440,frame_000440.jpg
1767888209407,441,frame_000441.jpg
1767888209507,442,frame_000442.jpg
1767888209607,443,frame_000443.jpg
1767888209705,444,frame_000444.jpg
1767888209807,445,frame_000445.jpg
1767888209908,446,frame_000446.jpg
1767888210007,447,frame_000447.jpg
1767888210107,448,frame_000448.jpg
1767888210208,449,frame_000449.jpg
1767888210307,450,frame_000450.jpg
1767888210409,451,frame_000451.jpg
1767888210508,452,frame_000452.jpg
1767888210608,453,frame_000453.jpg
1767888210709,454,frame_000454.jpg
1767888210807,455,frame_000455.jpg
1767888210908,456,frame_000456.jpg
1767888211008,457,frame_000457.jpg
1767888211108,458,frame_000458.jpg
1767888211209,459,frame_000459.jpg
1767888211308,460,frame_000460.jpg
1767888211409,461,frame_000461.jpg
1767888211509,462,frame_000462.jpg
1767888211609,463,frame_000463.jpg
1767888211709,464,frame_000464.jpg
1767888211809,465,frame_000465.jpg
1767888211908,466,frame_000466.jpg
1767888212008,467,frame_000467.jpg
1767888212109,468,frame_000468.jpg
1767888212210,469,frame_000469.jpg
1767888212310,470,frame_000470.jpg
1767888212409,471,frame_000471.jpg
1767888212510,472,frame_000472.jpg
1767888212604,473,frame_000473.jpg
1767888212709,474,frame_000474.jpg
1767888212810,475,frame_000475.jpg
1767888212907,476,frame_000476.jpg
1767888213009,477,frame_000477.jpg
1767888213109,478,frame_000478.jpg
1767888213210,479,frame_000479.jpg
1767888213299,480,frame_000480.jpg
1767888213409,481,frame_000481.jpg
1767888213511,482,frame_000482.jpg
1767888213608,483,frame_000483.jpg
1767888213711,484,frame_000484.jpg
1767888214048,485,frame_000485.jpg
1767888214110,486,frame_000486.jpg
1767888214211,487,frame_000487.jpg
1767888214310,488,frame_000488.jpg
1767888214411,489,frame_000489.jpg
1767888214505,490,frame_000490.jpg
1767888214611,491,frame_000491.jpg
1767888214711,492,frame_000492.jpg
1767888214811,493,frame_000493.jpg
1767888214911,494,frame_000494.jpg
1767888215011,495,frame_000495.jpg
1767888215109,496,frame_000496.jpg
1767888215213,497,frame_000497.jpg
1767888215308,498,frame_000498.jpg
1767888215410,499,frame_000499.jpg
1767888215513,500,frame_000500.jpg
1767888215612,501,frame_000501.jpg
1767888215713,502,frame_000502.jpg
1767888215811,503,frame_000503.jpg
1767888215906,504,frame_000504.jpg
1767888216012,505,frame_000505.jpg
1767888216110,506,frame_000506.jpg
1767888216212,507,frame_000507.jpg
1767888216311,508,frame_000508.jpg
1767888216413,509,frame_000509.jpg
1767888216513,510,frame_000510.jpg
1767888216612,511,frame_000511.jpg
1767888216701,512,frame_000512.jpg
1767888216814,513,frame_000513.jpg
1767888216912,514,frame_000514.jpg
1767888217014,515,frame_000515.jpg
1767888217114,516,frame_000516.jpg
1767888217213,517,frame_000517.jpg
1767888217312,518,frame_000518.jpg
1767888217413,519,frame_000519.jpg
1767888217513,520,frame_000520.jpg
1767888217612,521,frame_000521.jpg
1767888217712,522,frame_000522.jpg
1767888217814,523,frame_000523.jpg
1767888217909,524,frame_000524.jpg
1767888218015,525,frame_000525.jpg
1767888218108,526,frame_000526.jpg
1767888218215,527,frame_000527.jpg
1767888218315,528,frame_000528.jpg
1767888218412,529,frame_000529.jpg
1767888218513,530,frame_000530.jpg
1767888218613,531,frame_000531.jpg
1767888218714,532,frame_000532.jpg
1767888218814,533,frame_000533.jpg
1767888218904,534,frame_000534.jpg
1767888219014,535,frame_000535.jpg
1767888219114,536,frame_000536.jpg
1767888219215,537,frame_000537.jpg
1767888219311,538,frame_000538.jpg
1767888219414,539,frame_000539.jpg
1767888219799,540,frame_000540.jpg
1767888219815,541,frame_000541.jpg
1767888219913,542,frame_000542.jpg
1767888220015,543,frame_000543.jpg
1767888220117,544,frame_000544.jpg
1767888220214,545,frame_000545.jpg
1767888220316,546,frame_000546.jpg
1767888220405,547,frame_000547.jpg
1767888220514,548,frame_000548.jpg
1767888220615,549,frame_000549.jpg
1767888220716,550,frame_000550.jpg
1767888220815,551,frame_000551.jpg
1767888220915,552,frame_000552.jpg
1767888221016,553,frame_000553.jpg
1767888221116,554,frame_000554.jpg
1767888221216,555,frame_000555.jpg
1767888221316,556,frame_000556.jpg
1767888221417,557,frame_000557.jpg
1767888221517,558,frame_000558.jpg
1767888221607,559,frame_000559.jpg
1767888221714,560,frame_000560.jpg
1767888221817,561,frame_000561.jpg
1767888221917,562,frame_000562.jpg
1767888222016,563,frame_000563.jpg
1767888222117,564,frame_000564.jpg
1767888222217,565,frame_000565.jpg
1767888222317,566,frame_000566.jpg
1767888222417,567,frame_000567.jpg
1767888222518,568,frame_000568.jpg
1767888222617,569,frame_000569.jpg
1767888222715,570,frame_000570.jpg
1767888222819,571,frame_000571.jpg
1767888222917,572,frame_000572.jpg
1767888223018,573,frame_000573.jpg
1767888223118,574,frame_000574.jpg
1767888223218,575,frame_000575.jpg
1767888223318,576,frame_000576.jpg
1767888223418,577,frame_000577.jpg
1767888223518,578,frame_000578.jpg
1767888223617,579,frame_000579.jpg
1767888223717,580,frame_000580.jpg
1767888223819,581,frame_000581.jpg
1767888223919,582,frame_000582.jpg
1767888224018,583,frame_000583.jpg
1767888224118,584,frame_000584.jpg
1767888224219,585,frame_000585.jpg
1767888224319,586,frame_000586.jpg
1767888224416,587,frame_000587.jpg
1767888224518,588,frame_000588.jpg
1767888224614,589,frame_000589.jpg
1767888224719,590,frame_000590.jpg
